Closing Date,iShares MSCI EAFE ETF (NYSE Arca:EFA),SPDR Gold Trust (NYSE Arca:GLD),iShares Core S&P 500 ETF (NYSE Arca:IVV),iShares U.S. Real Estate ETF (NYSE Arca:IYR),VanEck Oil Services ETF (NYSE Arca:OIH),iShares Silver Trust (NYSE Arca:SLV),SPDR S&P 500 ETF Trust (NYSE Arca:SPY),Vanguard FTSE Developed Markets ETF (NYSE Arca:VEA),Vanguard Real Estate ETF (NYSE Arca:VNQ),Energy Select Sector SPDR Fund (NYSE Arca:XLE)
2022-06-01,65.46382904052734,172.22999572753906,399.96380615234375,93.17782592773438,292.2512512207031,20.1299991607666,398.2504577636719,42.44962692260742,91.21463775634766,82.76885986328125
2022-06-02,66.82470703125,174.35000610351562,407.4963684082031,94.52438354492188,289.341552734375,20.59000015258789,405.83453369140625,43.343788146972656,92.46797943115234,82.50732421875
2022-06-03,65.87020111083984,172.5800018310547,400.8094177246094,93.26316833496094,295.6199035644531,20.229999542236328,399.17413330078125,42.675514221191406,91.23320007324219,83.60008239746094
2022-06-06,66.13481903076172,171.82000732421875,402.01458740234375,92.94074249267578,296.7037353515625,20.3700008392334,400.3895263671875,42.835533142089844,90.94539642333984,83.50668334960938
2022-06-07,66.33328247070312,172.94000244140625,405.746826171875,94.18299865722656,305.21807861328125,20.520000457763672,404.2301330566406,42.93906021118164,92.19873809814453,86.00040435791016
2022-06-08,65.40711975097656,172.77999877929688,401.3536682128906,92.02091217041016,303.53863525390625,20.350000381469727,399.8352966308594,42.40256118774414,90.07270812988281,86.18718719482422
2022-06-09,64.03353881835938,172.22999572753906,391.9286193847656,89.97960662841797,293.0030822753906,19.969999313354492,390.3260803222656,41.51780319213867,87.93741607666016,84.28189086914062
2022-06-10,62.48799514770508,174.5399932861328,380.365478515625,88.00016021728516,284.08843994140625,20.190000534057617,379.00830078125,40.557743072509766,85.98778533935547,82.8529052734375
2022-06-13,60.42083740234375,169.92999267578125,365.7409362792969,83.66057586669922,264.6772766113281,19.5,364.6180725097656,39.174129486083984,81.68932342529297,78.52859497070312
2022-06-14,59.850921630859375,168.57000732421875,364.76593017578125,83.0039291381836,259.1214599609375,19.3700008392334,363.5193176269531,38.816463470458984,81.06729888916016,78.67803955078125
2022-06-15,60.971435546875,170.77000427246094,369.9625244140625,84.87870025634766,253.80975341796875,19.959999084472656,368.7018127441406,39.503562927246094,82.98907470703125,76.94084930419922
2022-06-16,59.62874984741211,172.69000244140625,357.80462646484375,82.74697875976562,239.84698486328125,20.239999771118164,356.49920654296875,38.552921295166016,80.80735778808594,72.60719299316406
2022-06-17,59.38726043701172,171.27000427246094,358.4578552246094,83.42266082763672,229.61415100097656,19.979999542236328,357.2677917480469,38.42115020751953,81.42008972167969,68.63780975341797
2022-06-21,60.285606384277344,170.6300048828125,367.5738525390625,84.72643280029297,240.6085968017578,19.979999542236328,366.261474609375,39.012386322021484,82.55272674560547,72.19366455078125
2022-06-22,59.87990188598633,171.30999755859375,366.9400939941406,85.94457244873047,228.29598999023438,19.760000228881836,365.597412109375,38.65000915527344,83.60181427001953,69.30363464355469
2022-06-23,59.812278747558594,170.25999450683594,370.6158142089844,87.62901306152344,216.1200714111328,19.3700008392334,369.1812438964844,38.50697326660156,85.19013977050781,66.7347412109375
2022-06-24,61.59931182861328,170.08999633789062,382.18865966796875,89.49427032470703,223.4041290283203,19.510000228881836,380.9189453125,39.65130615234375,87.00269317626953,67.61307525634766
2022-06-27,61.3385009765625,169.89999389648438,380.8042297363281,89.29441833496094,231.91848754882812,19.489999771118164,379.4639587402344,39.57501983642578,86.87189483642578,69.59642791748047
2022-06-28,60.92313766479492,169.6199951171875,373.03369140625,88.23806762695312,236.89820861816406,19.190000534057617,371.71038818359375,39.3652229309082,85.81611633300781,71.47587585449219
2022-06-29,60.69131088256836,169.49000549316406,372.7704162597656,87.70513916015625,232.67031860351562,19.139999389648438,371.40771484375,39.12682342529297,85.28357696533203,68.99198913574219
2022-06-30,60.362884521484375,168.4600067138672,369.6602783203125,87.53384399414062,227.11453247070312,18.639999389648438,368.3902587890625,38.90748977661133,85.1247329711914,67.53752899169922
2022-07-01,60.507774353027344,168.32000732421875,373.5016784667969,89.18022155761719,226.16738891601562,18.309999465942383,372.2865295410156,38.99331283569336,86.65699005126953,68.548095703125
2022-07-05,59.2133903503418,164.75,374.3011474609375,88.80906677246094,209.23631286621094,17.729999542236328,372.9896240234375,38.154136657714844,86.41407012939453,65.82807159423828
2022-07-06,59.26168441772461,162.13999938964844,375.6368713378906,88.79954528808594,205.1549072265625,17.690000534057617,374.2493591308594,38.154136657714844,86.25524139404297,64.70417785644531
2022-07-07,60.160030364990234,162.22999572753906,381.2039489746094,88.95182037353516,216.36416625976562,17.75,379.8545227050781,38.773983001708984,86.48883056640625,67.0369644165039
2022-07-08,60.22764587402344,162.3000030517578,380.9017333984375,88.51404571533203,217.42845153808594,17.790000915527344,379.54205322265625,38.86934280395508,86.03101348876953,67.00862121582031
2022-07-11,59.25202941894531,161.42999267578125,376.5631408691406,88.3427505493164,212.32180786132812,17.579999923706055,375.2063293457031,38.22088623046875,85.84416198730469,66.36640930175781
2022-07-12,59.242366790771484,160.8300018310547,373.17999267578125,87.89547729492188,204.69598388671875,17.440000534057617,371.88616943359375,38.182743072509766,85.50779724121094,65.07250213623047
2022-07-13,59.2133903503418,161.60000610351562,371.26898193359375,87.5243148803711,203.04583740234375,17.690000534057617,369.93316650390625,38.13506317138672,85.09671020507812,64.96862030029297
2022-07-14,58.382659912109375,159.3300018310547,370.3720703125,86.6678237915039,196.29879760742188,17.0,369.03472900390625,37.57243728637695,84.33057403564453,63.74083709716797
2022-07-15,59.30998611450195,159.00999450683594,377.4405517578125,88.14290618896484,200.5657501220703,17.190000534057617,376.0852355957031,38.14459228515625,85.76007080078125,64.77973175048828
2022-07-18,59.551475524902344,159.16000366210938,374.388916015625,87.42915344238281,208.74810791015625,17.219999313354492,372.9798583984375,38.382999420166016,85.15275573730469,66.26251220703125
2022-07-19,61.17428970336914,159.5399932861328,384.4505920410156,89.68458557128906,216.41299438476562,17.290000915527344,383.0574951171875,39.37476348876953,87.35772705078125,68.30253601074219
2022-07-20,60.768585205078125,158.0399932861328,386.82952880859375,89.41812896728516,214.70425415039062,17.190000534057617,385.4988098144531,39.18403625488281,87.15218353271484,68.963623046875
2022-07-21,61.396461486816406,160.27000427246094,390.77813720703125,90.198486328125,206.2680206298828,17.399999618530273,389.4244079589844,39.62269973754883,87.84355926513672,67.75474548339844
2022-07-22,61.241905212402344,160.6699981689453,387.2974853515625,90.74093627929688,206.07273864746094,17.139999389648438,385.8112487792969,39.489192962646484,88.30138397216797,67.19751739501953
2022-07-25,61.71522521972656,160.22999572753906,387.697265625,90.87417602539062,216.44227600097656,16.979999542236328,386.280029296875,39.81342697143555,88.45087432861328,69.66252899169922
2022-07-26,60.85552215576172,160.0399932861328,383.09539794921875,90.9312744140625,214.78237915039062,17.15999984741211,381.70989990234375,39.269866943359375,88.54429626464844,69.02974700927734
2022-07-27,62.2947998046875,161.6699981689453,393.0010681152344,91.69259643554688,225.3569793701172,17.600000381469727,391.6216125488281,40.166259765625,89.07685089111328,70.58808898925781
2022-07-28,62.61356735229492,163.63999938964844,397.992919921875,94.7379150390625,225.2397918701172,18.43000030517578,396.53338623046875,40.423736572265625,91.9638671875,70.9847640991211
2022-07-29,63.482933044433594,164.10000610351562,403.9110107421875,95.28987884521484,236.01943969726562,18.700000762939453,402.3143615722656,40.9672966003418,92.45904541015625,74.06365966796875
2022-08-01,63.56986999511719,165.02999877929688,402.61431884765625,94.49049377441406,229.64344787597656,18.790000915527344,401.1230163574219,40.9672966003418,91.71160125732422,72.53366088867188
2022-08-02,62.55561447143555,164.0500030517578,400.0502014160156,93.27235412597656,232.37741088867188,18.40999984741211,398.4767150878906,40.32837677001953,90.53438568115234,72.36366271972656
2022-08-03,62.92267608642578,164.4499969482422,406.2899475097656,93.56737518310547,226.4212646484375,18.489999771118164,404.71661376953125,40.61445999145508,90.82401275634766,70.2858657836914
2022-08-04,63.24144744873047,167.1699981689453,405.89996337890625,93.51979064941406,214.39181518554688,18.639999389648438,404.4432067871094,40.81472396850586,90.6838607788086,67.67919921875
2022-08-05,62.79710388183594,165.2899932861328,405.188232421875,93.78626251220703,219.8890380859375,18.329999923706055,403.7596130371094,40.52863693237305,90.9361343383789,69.02030944824219
2022-08-08,62.94199752807617,166.69000244140625,404.8373107910156,94.53805541992188,220.9240264892578,19.030000686645508,403.2909240722656,40.65260696411133,91.74897003173828,69.37919616699219
2022-08-09,62.603912353515625,167.1999969482422,403.14080810546875,95.09954833984375,223.31626892089844,18.93000030517578,401.6894226074219,40.4046630859375,92.25349426269531,70.59754180908203
2022-08-10,64.01421356201172,166.77999877929688,411.58404541015625,96.51753234863281,224.66371154785156,18.950000762939453,410.1264953613281,41.36781692504883,93.65496063232422,71.10755157470703
2022-08-11,63.99489974975586,166.33999633789062,411.7303161621094,96.18444061279297,233.79319763183594,18.670000076293945,410.1264953613281,41.36781692504883,93.43073272705078,73.55365753173828
2022-08-12,64.48753356933594,167.8699951171875,418.5063171386719,97.72612762451172,237.09349060058594,19.170000076293945,417.06951904296875,41.711124420166016,95.03773498535156,74.11088562011719
2022-08-15,64.10115051269531,165.7100067138672,420.3490905761719,98.20196533203125,227.54412841796875,18.68000030517578,418.7882080078125,41.415496826171875,95.42079162597656,72.66587829589844
2022-08-16,64.08182525634766,165.4199981689453,421.22650146484375,97.84033203125,224.2047882080078,18.56999969482422,419.60845947265625,41.453643798828125,95.16854095458984,72.49588012695312
2022-08-17,63.56986999511719,164.35000610351562,418.057861328125,97.43111419677734,224.95663452148438,18.25,416.6300964355469,41.100799560546875,94.59861755371094,73.10033416748047
2022-08-18,63.357357025146484,163.9199981689453,419.28631591796875,96.67930603027344,235.46287536621094,18.040000915527344,417.8409729003906,40.9672966003418,93.97261810302734,75.06478881835938
2022-08-19,62.48799514770508,162.72000122070312,413.7386779785156,95.79426574707031,232.04541015625,17.549999237060547,412.2260437011719,40.356990814208984,92.98226165771484,75.04588317871094
2022-08-22,61.425437927246094,161.63999938964844,405.0615234375,93.7957763671875,230.65890502929688,17.5,403.64239501953125,39.70853042602539,90.95481872558594,74.90422058105469
2022-08-23,61.45441436767578,162.77000427246094,404.16448974609375,92.5490951538086,242.2782745361328,17.6200008392334,402.66595458984375,39.78481674194336,89.78693389892578,77.6053466796875
2022-08-24,61.53169250488281,163.25,405.4222106933594,93.10105895996094,247.5606689453125,17.6299991607666,403.9549560546875,39.832496643066406,90.3008041381836,78.55923461914062
2022-08-25,62.20786666870117,163.75,411.1355285644531,94.53805541992188,249.93338012695312,17.729999542236328,409.6578369140625,40.29976272583008,91.64619445800781,79.16368103027344
2022-08-26,60.57538986206055,161.75999450683594,397.0862121582031,92.21601104736328,243.94793701171875,17.360000610351562,395.791259765625,39.23171615600586,89.33847045898438,78.23811340332031
2022-08-29,60.44015884399414,161.86000061035156,394.6975402832031,91.39759063720703,248.10748291015625,17.290000915527344,393.1742248535156,39.136356353759766,88.53496551513672,79.41868591308594
2022-08-30,60.00547409057617,160.50999450683594,390.17364501953125,90.06526184082031,236.5076446533203,16.959999084472656,388.8580017089844,38.812129974365234,87.3110122680664,76.72700500488281
2022-08-31,59.59977340698242,159.27000427246094,387.239013671875,89.70362091064453,234.0177764892578,16.579999923706055,385.899169921875,38.58325958251953,86.89991760253906,76.02811431884766
2022-09-01,58.79802703857422,157.8699951171875,388.5649719238281,89.86540985107422,225.3081512451172,16.3799991607666,387.11004638671875,38.06830978393555,87.05875396728516,74.1581039428711
2022-09-02,58.41164016723633,159.25999450683594,384.4115905761719,88.70438385009766,235.21876525878906,16.56999969482422,383.0281982421875,37.82990264892578,85.84416198730469,75.51811218261719
2022-09-06,58.266746520996094,158.3300018310547,382.8808898925781,89.72267150878906,231.93801879882812,16.540000915527344,381.5829772949219,37.667789459228516,86.61962890625,74.81922149658203
2022-09-07,58.77870559692383,159.94000244140625,389.8129577636719,91.47372436523438,228.72560119628906,17.0,388.4381103515625,37.99201965332031,88.31072998046875,73.9503402709961
2022-09-08,58.817344665527344,158.97999572753906,392.26983642578125,91.74018096923828,229.6922607421875,17.030000686645508,390.97705078125,38.04923629760742,88.55364990234375,74.27143859863281
2022-09-09,60.31458282470703,159.82000732421875,398.5291748046875,92.61572265625,240.7941131591797,17.31999969482422,397.05096435546875,39.03145980834961,89.51597595214844,76.12255859375
2022-09-12,61.15496826171875,160.6300048828125,402.8288269042969,93.41510772705078,244.33851623535156,18.170000076293945,401.3183288574219,39.527339935302734,90.3848876953125,77.52034759521484
2022-09-13,59.02985382080078,158.5399932861328,385.2501220703125,89.96056365966797,234.22283935546875,17.829999923706055,383.8680114746094,38.17320251464844,86.9279556274414,75.56533813476562
2022-09-14,59.22304916381836,157.92999267578125,386.7222900390625,88.780517578125,242.70790100097656,18.0,385.3327941894531,38.344852447509766,85.93758392333984,77.69978332519531
2022-09-15,58.7014274597168,154.97999572753906,382.2569274902344,87.1531753540039,236.35142517089844,17.6299991607666,380.9580078125,37.97294616699219,84.34925842285156,75.69756317138672
2022-09-16,58.344024658203125,155.83999633789062,379.3612365722656,87.08656311035156,228.3643341064453,17.989999771118164,378.0517272949219,37.725013732910156,84.35860443115234,74.08255767822266
2022-09-19,58.546875,155.9600067138672,382.3153991699219,86.97235870361328,230.0925750732422,17.989999771118164,380.98345947265625,37.86848068237305,84.23715209960938,74.12647247314453
2022-09-20,57.551937103271484,155.07000732421875,377.82080078125,84.85015869140625,223.77516174316406,17.729999542236328,376.6103515625,37.2371826171875,82.1910171508789,73.61090850830078
2022-09-21,56.79848861694336,155.7899932861328,371.37628173828125,83.56542205810547,219.43988037109375,18.059999465942383,370.0408020019531,36.7589225769043,80.89231872558594,72.53204345703125
2022-09-22,56.63427734375,155.6999969482422,368.23681640625,82.73745727539062,218.14125061035156,18.09000015258789,366.9325256347656,36.58675003051758,79.86458587646484,72.2742691040039
2022-09-23,54.82792282104492,153.00999450683594,362.123779296875,81.65255737304688,199.1597137451172,17.360000610351562,360.78466796875,35.391109466552734,78.80306243896484,67.29049682617188
2022-09-26,54.01652145385742,151.22999572753906,358.55267333984375,79.44361877441406,194.07257080078125,16.920000076293945,357.21551513671875,34.82676315307617,76.59308624267578,65.63877868652344
2022-09-27,53.64945602416992,151.5399932861328,357.63140869140625,78.30884552001953,198.03683471679688,16.899999618530273,356.30364990234375,34.61632537841797,75.57311248779297,66.37393188476562
2022-09-28,54.943843841552734,154.69000244140625,364.57965087890625,79.82827758789062,207.2346649169922,17.450000762939453,363.3144226074219,35.391109466552734,77.14086151123047,69.31454467773438
2022-09-29,54.29664611816406,154.66000366210938,357.0826110839844,77.54911804199219,207.11749267578125,17.3700008392334,355.7251281738281,34.951107025146484,74.87422943115234,69.31454467773438
2022-09-30,54.10345458984375,154.6699981689453,351.47705078125,78.29923248291016,206.2289581298828,17.5,350.2243957519531,34.778934478759766,75.71476745605469,68.76080322265625
2022-10-03,55.1756706237793,158.42999267578125,360.77728271484375,79.76097106933594,220.94357299804688,19.100000381469727,359.4707336425781,35.5537109375,77.0653076171875,72.6466064453125
2022-10-04,57.38772201538086,160.6999969482422,371.8218688964844,81.30925750732422,229.45791625976562,19.360000610351562,370.6094970703125,36.969356536865234,78.62361907958984,75.76864624023438
2022-10-05,56.77916717529297,159.80999755859375,370.94964599609375,79.68402862548828,239.59312438964844,18.989999771118164,369.74664306640625,36.52936553955078,77.08419036865234,77.33442687988281
2022-10-06,55.78422927856445,159.6300048828125,367.2844543457031,77.43372344970703,242.85435485839844,19.040000915527344,365.93243408203125,35.91719055175781,74.94034576416016,78.7092514038086
2022-10-07,54.895545959472656,157.8800048828125,357.0434265136719,75.61616516113281,241.45806884765625,18.5,355.7251281738281,35.352848052978516,73.13648986816406,78.09822082519531
2022-10-10,54.5864372253418,155.47999572753906,354.38763427734375,74.76988983154297,235.5995635986328,18.09000015258789,353.0090637207031,35.11371612548828,72.4470443725586,76.49424743652344
2022-10-11,53.98754119873047,155.16000366210938,351.957275390625,75.59693145751953,233.57839965820312,17.68000030517578,350.77349853515625,34.702415466308594,73.18370056152344,75.88321685791016
2022-10-12,53.81366729736328,155.99000549316406,350.8204650878906,74.74104309082031,233.12924194335938,17.59000015258789,349.6164245605469,34.61632537841797,72.41871643066406,76.49424743652344
2022-10-13,54.92452621459961,154.91000366210938,360.15985107421875,75.96236419677734,245.64691162109375,17.389999389648438,358.84320068359375,35.333709716796875,73.74092102050781,79.61625671386719
2022-10-14,54.10345458984375,152.97999572753906,351.90826416015625,74.0197982788086,234.33023071289062,16.809999465942383,350.6656494140625,34.731109619140625,71.90873718261719,76.6469955444336
2022-10-17,55.43648147583008,153.4199981689453,360.96343994140625,76.75093841552734,240.5695343017578,17.1200008392334,359.67669677734375,35.64936447143555,74.6192398071289,77.60175323486328
2022-10-18,55.83252716064453,153.75,365.0989990234375,77.6164321899414,244.1725311279297,17.229999542236328,363.9027099609375,35.888492584228516,75.43144226074219,78.27961730957031
2022-10-19,55.14669418334961,151.69000244140625,362.69805908203125,75.68347930908203,255.4989471435547,17.010000228881836,361.323974609375,35.477195739746094,73.5520248413086,80.5901107788086
2022-10-20,55.0211181640625,151.4499969482422,359.6110534667969,75.32766723632812,257.7740173339844,17.170000076293945,358.29412841796875,35.38154220581055,73.23092651367188,80.6664810180664
2022-10-21,56.01606369018555,154.14999389648438,368.2938537597656,75.84696960449219,270.7408142089844,17.760000228881836,367.001220703125,36.041534423828125,73.8070297241211,82.99606323242188
2022-10-24,56.025718688964844,153.64999389648438,372.8214416503906,75.78926086425781,275.2323303222656,17.68000030517578,371.49200439453125,35.98414611816406,73.7975845336914,83.38750457763672
2022-10-25,57.26214599609375,154.0,378.8092956542969,78.80890655517578,276.3844909667969,17.860000610351562,377.4241943359375,36.787620544433594,76.69697570800781,83.47344207763672
2022-10-26,57.80308532714844,154.97999572753906,375.9476318359375,78.96277618408203,286.7345275878906,17.979999542236328,374.5806579589844,37.16065979003906,76.64976501464844,84.60958862304688
2022-10-27,57.26214599609375,154.74000549316406,373.9484558105469,79.1070327758789,285.59210205078125,17.979999542236328,372.58038330078125,36.91196823120117,76.7630844116211,84.91511535644531
2022-10-28,57.83206558227539,153.16000366210938,382.719482421875,80.86687469482422,283.1315612792969,17.739999771118164,381.4443359375,37.19892120361328,78.45361328125,85.21106719970703
2022-10-31,57.29113006591797,151.91000366210938,380.0342712402344,80.77072143554688,291.6556701660156,17.6200008392334,378.6890563964844,36.8928337097168,78.36862182617188,85.92713165283203
2022-11-01,57.7451286315918,153.4600067138672,378.5250549316406,80.61685180664062,291.0893249511719,18.049999237060547,377.0319519042969,37.20848846435547,78.34027862548828,86.75775909423828
2022-11-02,56.90474319458008,152.38999938964844,368.8230285644531,78.45309448242188,285.0355529785156,17.729999542236328,367.5699157714844,36.64413833618164,76.18698120117188,84.66686248779297
2022-11-03,56.42176055908203,151.80999755859375,365.11865234375,78.3953857421875,293.5401306152344,17.940000534057617,363.7850646972656,36.34762191772461,76.08309173583984,86.2326431274414
2022-11-04,58.68210983276367,156.47000122070312,370.28326416015625,79.48208618164062,299.9063720703125,19.260000228881836,369.0210876464844,37.73457336425781,77.12197875976562,87.28286743164062
2022-11-07,58.865638732910156,155.85000610351562,373.8994445800781,79.53015899658203,310.3052062988281,19.149999618530273,372.5509948730469,37.897178649902344,77.12197875976562,88.78182220458984
2022-11-08,59.53215408325195,159.4499969482422,375.9280700683594,79.89559173583984,310.26617431640625,19.700000762939453,374.56103515625,38.35630798339844,77.35807037353516,88.86775207519531
2022-11-09,58.7014274597168,158.64999389648438,368.2546081542969,79.1070327758789,294.3701171875,19.360000610351562,366.8443298339844,37.820655822753906,76.56475830078125,84.52365112304688
2022-11-10,61.995357513427734,163.47999572753906,388.42303466796875,84.867431640625,301.00970458984375,19.969999313354492,387.0039367675781,39.92499542236328,82.16520690917969,86.40449523925781
2022-11-11,63.231781005859375,164.55999755859375,392.1666564941406,84.66548919677734,310.93988037109375,19.950000762939453,390.74957275390625,40.67107391357422,82.15576934814453,88.91548156738281
2022-11-14,62.56526565551758,164.9199981689453,388.87384033203125,82.72290802001953,305.30596923828125,20.239999771118164,387.425537109375,40.20237731933594,80.15357971191406,88.88684844970703
2022-11-15,62.980628967285156,165.5,392.17645263671875,83.67496490478516,311.4964599609375,19.8799991607666,390.72991943359375,40.451080322265625,81.0224609375,89.82250213623047
2022-11-16,62.83574295043945,165.1199951171875,389.29522705078125,82.91524505615234,304.9154052734375,19.739999771118164,387.7491149902344,40.298038482666016,80.28581237792969,87.98938751220703
2022-11-17,62.8067626953125,163.9199981689453,387.9820251464844,82.25169372558594,303.66558837890625,19.290000915527344,386.56268310546875,40.25020980834961,79.73802185058594,88.18033599853516
2022-11-18,62.932342529296875,162.7899932861328,389.824462890625,83.27106475830078,301.13665771484375,19.25,388.3178405761719,40.31716537475586,80.74858093261719,87.4833755493164
2022-11-21,62.45901870727539,161.8800048828125,388.3348693847656,83.7230453491211,293.5108642578125,19.200000762939453,386.9058532714844,39.991947174072266,81.17356872558594,86.29948425292969
2022-11-22,63.32837677001953,162.07000732421875,393.6856384277344,84.14617919921875,302.6598815917969,19.43000030517578,392.11248779296875,40.584991455078125,81.61744689941406,89.00141143798828
2022-11-23,64.02387237548828,163.0800018310547,396.0376281738281,84.26158905029297,295.0047912597656,19.809999465942383,394.5833740234375,41.05367660522461,81.68354797363281,88.03711700439453
2022-11-25,64.35230255126953,163.22000122070312,396.00823974609375,84.81935119628906,292.0071716308594,19.719999313354492,394.4951477050781,41.225852966308594,82.20298767089844,87.71250915527344
2022-11-28,63.52157211303711,161.92999267578125,389.7362365722656,82.48249053955078,285.4847106933594,19.260000228881836,388.20013427734375,40.651947021484375,80.00247192382812,85.3065414428711
2022-11-29,63.705108642578125,162.72999572753906,389.0698547363281,83.857666015625,292.12432861328125,19.559999465942383,387.5334167480469,40.757164001464844,81.32466888427734,86.59545135498047
2022-11-30,64.83528137207031,164.80999755859375,401.1336669921875,85.75216674804688,296.9771423339844,20.43000030517578,399.7409362792969,41.52237319946289,83.1852035522461,87.02508544921875
2022-12-01,65.46315002441406,167.83999633789062,400.9670715332031,85.6463851928711,295.6589660644531,20.979999542236328,399.44677734375,41.87628936767578,83.0057601928711,86.7386703491211
2022-12-02,65.41485595703125,167.25999450683594,400.5358581542969,85.37712097167969,300.9999694824219,21.290000915527344,398.9859924316406,41.83803176879883,82.76020050048828,86.22310638427734
2022-12-05,64.5551528930664,164.38999938964844,393.32305908203125,83.84806823730469,286.3927917480469,20.440000534057617,391.8085021972656,41.20672607421875,81.24910736083984,83.66438293457031
2022-12-06,64.26536560058594,164.83999633789062,387.69781494140625,83.05948638916016,283.14129638671875,20.440000534057617,386.16064453125,40.9293327331543,80.484130859375,81.45893096923828
2022-12-07,64.26536560058594,166.3300018310547,386.9530029296875,83.22296905517578,275.86700439453125,20.920000076293945,385.5036926269531,40.9293327331543,80.6446762084961,81.2679672241211
2022-12-08,64.59379577636719,166.47000122070312,389.99102783203125,83.857666015625,276.7457580566406,21.209999084472656,388.52374267578125,41.158897399902344,81.21133422851562,80.90516662597656
2022-12-09,64.63243103027344,167.05999755859375,387.10986328125,83.75189971923828,264.49176025390625,21.559999465942383,385.62139892578125,41.187599182128906,81.06023406982422,78.93839263916016
2022-12-12,64.82562255859375,165.67999267578125,392.5390319824219,84.36737823486328,275.9158020019531,21.459999084472656,391.18096923828125,41.292808532714844,81.68354797363281,81.01018524169922
2022-12-13,65.74502563476562,168.50999450683594,395.67291259765625,85.94320678710938,287.46685791015625,21.829999923706055,394.1421813964844,41.828460693359375,83.19463348388672,82.5473403930664
2022-12-14,65.68682861328125,168.10000610351562,393.30084228515625,85.36100769042969,285.79718017578125,21.989999771118164,391.62225341796875,41.80933380126953,82.62796783447266,82.04131317138672
2022-12-15,64.00901794433594,165.35000610351562,383.55694580078125,84.13836669921875,283.7662048339844,21.239999771118164,382.04248046875,40.718902587890625,81.52300262451172,81.54485321044922
2022-12-16,63.44651794433594,166.7899932861328,378.8719787597656,82.01331329345703,279.1867980957031,21.3700008392334,377.5320129394531,40.403255462646484,79.41692352294922,80.5423583984375
2022-12-19,63.291343688964844,166.32000732421875,375.7223815917969,81.04296875,279.33380126953125,21.1200008392334,374.3306579589844,40.31615447998047,78.40638732910156,80.53273010253906
2022-12-20,63.54349899291992,169.0800018310547,376.1554870605469,80.8198013305664,289.335693359375,22.229999542236328,374.8429260253906,40.509700775146484,78.20806121826172,81.74809265136719
2022-12-21,64.2029800415039,168.8000030517578,381.7655944824219,81.654296875,295.71759033203125,22.06999969482422,380.44769287109375,40.91615295410156,78.87859344482422,83.30106353759766
2022-12-22,63.67927551269531,166.75999450683594,376.5688781738281,81.3243637084961,287.0670471191406,21.690000534057617,375.02020263671875,40.55809020996094,78.54721069335938,81.38154602050781
2022-12-23,63.902339935302734,167.25999450683594,378.5274658203125,82.02301788330078,297.917236328125,21.850000381469727,377.1773986816406,40.761314392089844,79.24638366699219,83.97626495361328
2022-12-27,63.99932098388672,168.6699981689453,377.07080078125,81.96479797363281,299.6730041503906,22.110000610351562,375.6900329589844,40.83873748779297,79.21765899658203,84.87332916259766
2022-12-28,63.3204345703125,167.91000366210938,372.49407958984375,80.57721710205078,290.18402099609375,21.600000381469727,371.0209655761719,40.37422180175781,77.8671875,82.97309875488281
2022-12-29,64.31936645507812,168.85000610351562,378.94085693359375,82.37234497070312,297.769287109375,21.969999313354492,377.6994934082031,41.01293182373047,79.57202911376953,83.84122467041016
2022-12-30,63.659881591796875,169.63999938964844,378.1534423828125,81.69310760498047,299.90972900390625,22.020000457763672,376.7045593261719,40.61615753173828,78.99736785888672,84.37174987792969
2023-01-03,64.22238159179688,171.05999755859375,376.49993896484375,81.83866119384766,285.6466369628906,22.049999237060547,375.11871337890625,40.83873748779297,79.07398223876953,81.41049194335938
2023-01-04,65.07583618164062,172.6699981689453,379.4329833984375,83.59497833251953,286.70208740234375,21.889999389648438,378.0147399902344,41.44841384887695,80.86502838134766,81.40084075927734
2023-01-05,64.4260482788086,170.52000427246094,375.12200927734375,81.36319732666016,292.1074523925781,21.389999389648438,373.70025634765625,40.98389434814453,78.69087982177734,82.88629913330078
2023-01-06,66.07476806640625,173.7100067138672,383.68487548828125,83.65319061279297,301.41888427734375,21.920000076293945,382.2699890136719,42.11615753173828,80.80757141113281,84.45855712890625
2023-01-09,66.35601043701172,174.10000610351562,383.41912841796875,83.65319061279297,307.9783630371094,21.739999771118164,382.05328369140625,42.30002975463867,80.83629608154297,84.15953826904297
2023-01-10,66.54998779296875,174.74000549316406,386.1749572753906,83.83756256103516,313.7289733886719,21.729999542236328,384.7325744628906,42.40647888183594,81.01827239990234,84.75758361816406
2023-01-11,67.0542984008789,174.6199951171875,390.9878845214844,86.88443756103516,313.4132995605469,21.549999237060547,389.5986328125,42.725833892822266,83.92034149169922,85.01801300048828
2023-01-12,68.04353332519531,176.63999938964844,392.5134582519531,87.82566833496094,321.1860046386719,21.8799991607666,391.0170593261719,43.34518814086914,84.98345947265625,86.63849639892578
2023-01-13,68.4023666381836,178.75999450683594,394.0587158203125,87.34049987792969,323.47442626953125,22.329999923706055,392.53399658203125,43.567771911621094,84.4566879272461,86.76390075683594
2023-01-17,68.61573028564453,177.58999633789062,393.33038330078125,87.42782592773438,325.59515380859375,22.010000228881836,391.8149108886719,43.693580627441406,84.69613647460938,86.94717407226562
2023-01-18,68.37327575683594,177.0800018310547,387.12969970703125,86.21490478515625,312.32830810546875,21.56999969482422,385.62896728515625,43.50002670288086,83.4605941772461,85.35560607910156
2023-01-19,68.26658630371094,179.88999938964844,384.37384033203125,85.74913787841797,311.5983581542969,21.959999084472656,382.8216552734375,43.45164108276367,83.0008773803711,86.4166488647461
2023-01-20,68.86788940429688,179.2899932861328,391.43084716796875,86.81651306152344,316.1455993652344,22.020000457763672,389.9532470703125,43.89679718017578,83.98738861083984,87.2751235961914
2023-01-23,69.14913940429688,179.6300048828125,396.076416015625,87.13673400878906,314.24188232421875,21.579999923706055,394.63214111328125,44.08067321777344,84.3704833984375,87.39087677001953
2023-01-24,69.06185150146484,180.27999877929688,395.8106689453125,87.39871215820312,312.4565124511719,21.760000228881836,394.20855712890625,44.07099533081055,84.58119201660156,87.05327606201172
2023-01-25,69.5176773071289,181.11000061035156,395.87957763671875,87.30168151855469,320.426513671875,21.969999313354492,394.3563232421875,44.293575286865234,84.6195068359375,87.06292724609375
2023-01-26,69.57585906982422,179.47000122070312,400.2298889160156,88.27202606201172,325.0033264160156,21.989999771118164,398.6904602050781,44.42906188964844,85.56770324707031,89.81196594238281
2023-01-27,69.44009399414062,179.22000122070312,401.2239685058594,89.1744384765625,321.5016784667969,21.68000030517578,399.60650634765625,44.38067626953125,86.5254898071289,87.99856567382812
2023-01-30,68.99396514892578,178.75999450683594,396.1256103515625,88.10707092285156,318.7694091796875,21.65999984741211,394.59271240234375,44.0129280090332,85.42404174804688,85.98259735107422
2023-01-31,69.39159393310547,179.41000366210938,401.8735656738281,89.8439712524414,325.5556945800781,21.829999923706055,400.3945617675781,44.283897399902344,87.21508026123047,86.74461364746094
2023-02-01,70.01229095458984,181.6699981689453,406.16485595703125,90.42618560791016,322.9023132324219,22.079999923706055,404.6498718261719,44.68067169189453,87.7514419555664,85.03730773925781
2023-02-02,69.91529846191406,177.89999389648438,412.0604248046875,92.4153823852539,309.59600830078125,21.56999969482422,410.5403137207031,44.67099380493164,89.74360656738281,83.09850311279297
2023-02-03,69.26551818847656,173.4600067138672,407.818359375,90.5426254272461,311.3813781738281,20.56999969482422,406.1766662597656,44.16777038574219,88.05792999267578,82.91522216796875
2023-02-06,68.55754852294922,173.82000732421875,405.30853271484375,89.98953247070312,312.2493896484375,20.479999542236328,403.6943664550781,43.693580627441406,87.41621398925781,82.53904724121094
2023-02-07,69.13944244384766,173.97999572753906,410.544677734375,89.83428192138672,319.4499816894531,20.3799991607666,408.9741516113281,44.10002899169922,87.22466278076172,85.22057342529297
2023-02-08,68.71270751953125,174.41000366210938,406.0664367675781,89.45584106445312,324.5298767089844,20.479999542236328,404.5021057128906,43.83873748779297,86.81281280517578,84.45855712890625
2023-02-09,68.83879089355469,173.02999877929688,402.62158203125,88.4175796508789,313.364013671875,20.18000030517578,400.9953918457031,43.87744903564453,85.86461639404297,83.73512268066406
2023-02-10,68.53813934326172,173.36000061035156,403.49755859375,88.69898223876953,324.7567138671875,20.239999771118164,401.9311828613281,43.75164031982422,86.16152954101562,87.01469421386719
2023-02-13,69.22672271728516,172.47999572753906,408.2415466308594,89.54317474365234,326.9267578125,20.200000762939453,406.64947509765625,44.129058837890625,86.92774963378906,86.79283905029297
2023-02-14,69.3528060913086,172.61000061035156,408.0250244140625,88.75718688964844,326.2165832519531,20.1200008392334,406.46234130859375,44.16777038574219,86.23815155029297,86.82177734375
2023-02-15,69.0424575805664,170.88999938964844,409.32421875,89.14533233642578,321.6890869140625,19.889999389648438,407.78228759765625,43.9451904296875,86.58296203613281,85.34597778320312
2023-02-16,68.70301055908203,170.75,403.8125,88.3787612915039,322.9911193847656,19.84000015258789,402.1676025390625,43.74196243286133,85.74009704589844,84.50679016113281
2023-02-17,68.87757873535156,171.25999450683594,402.69049072265625,87.9712142944336,308.2249450683594,20.010000228881836,401.16290283203125,43.8097038269043,85.4048843383789,81.4972915649414
2023-02-21,68.12110900878906,170.6199951171875,394.70831298828125,86.22460174560547,302.39544677734375,20.06999969482422,393.1152038574219,43.258094787597656,83.69046783447266,81.09217834472656
2023-02-22,67.74287414550781,169.66000366210938,394.0390319824219,85.34159088134766,293.6955261230469,19.75,392.57342529296875,43.0064811706543,82.9338150024414,80.55201721191406
2023-02-23,68.0920181274414,169.57000732421875,396.1157531738281,85.86557006835938,299.485595703125,19.6299991607666,394.6616516113281,43.258094787597656,83.55638122558594,81.76737976074219
2023-02-24,66.95732116699219,168.35000610351562,391.8343505859375,84.40036010742188,305.7294006347656,19.09000015258789,390.44573974609375,42.58067321777344,82.09098815917969,81.66128540039062
2023-02-27,67.75257873535156,169.00999450683594,393.20245361328125,84.57502746582031,310.4443054199219,18.93000030517578,391.7755432128906,43.054866790771484,82.21549224853516,81.90242004394531
2023-02-28,67.2579574584961,169.77999877929688,391.6965637207031,84.4876937866211,306.66644287109375,19.219999313354492,390.3275146484375,42.74518585205078,82.10057067871094,80.72563934326172
2023-03-01,67.6167984008789,170.75999450683594,390.2989196777344,83.33296966552734,315.0408630371094,19.290000915527344,388.8302917480469,43.01615905761719,81.066162109375,82.31719207763672
2023-03-02,67.75257873535156,170.66000366210938,393.3697509765625,84.3227310180664,321.6200256347656,19.239999771118164,391.8543395996094,43.08389663696289,82.01435852050781,83.0406265258789
2023-03-03,68.74180603027344,172.49000549316406,399.6787109375,85.70061492919922,325.9107971191406,19.549999237060547,398.1388244628906,43.71293258666992,83.25947570800781,84.169189453125
2023-03-06,68.5672378540039,171.6199951171875,400.1314697265625,85.36100769042969,324.9540100097656,19.31999969482422,398.4146728515625,43.60647964477539,82.9338150024414,84.207763671875
2023-03-07,67.4228286743164,168.6199951171875,393.822509765625,83.3523941040039,317.92108154296875,18.450000762939453,392.3074645996094,42.812931060791016,80.9991226196289,82.74160766601562
2023-03-08,67.79136657714844,168.5399932861328,394.511474609375,84.33244323730469,312.7425842285156,18.399999618530273,392.94775390625,43.03550720214844,81.92816162109375,81.89278411865234
2023-03-09,67.29676055908203,170.1999969482422,387.20843505859375,82.37234497070312,297.8679504394531,18.440000534057617,385.6978759765625,42.609703063964844,80.0509262084961,80.73527526855469
2023-03-10,66.5790786743164,173.8699951171875,381.7655944824219,79.66508483886719,290.38128662109375,18.860000610351562,380.13250732421875,42.193572998046875,77.39788818359375,79.70317840576172
2023-03-13,66.12326049804688,177.86000061035156,380.9683837890625,80.77127838134766,277.6963806152344,20.0,379.5906982421875,41.951637268066406,78.41312408447266,78.08267974853516
2023-03-14,67.00580596923828,176.8300018310547,387.375732421875,81.57666015625,279.60009765625,19.889999389648438,385.8653869628906,42.4451904296875,79.1697769165039,78.8543472290039
2023-03-15,64.93035888671875,178.2100067138672,384.9939270019531,81.43111419677734,259.1326599121094,20.0,383.4520568847656,41.17744445800781,79.11228942871094,74.61985778808594
2023-03-16,65.9389877319336,178.57000732421875,391.61785888671875,81.45051574707031,261.8649597167969,19.920000076293945,390.1797790527344,41.81615447998047,78.93989562988281,75.43009185791016
2023-03-17,65.1534194946289,183.77000427246094,386.97222900390625,79.62628173828125,254.08238220214844,20.6299991607666,385.6175231933594,41.33228302001953,77.14886474609375,74.24366760253906
2023-03-20,66.1717529296875,183.83999633789062,390.81072998046875,80.5286865234375,261.8353576660156,20.690000534057617,389.3254699707031,41.96368408203125,78.03002166748047,75.72999572753906
2023-03-21,67.17068481445312,180.3699951171875,395.8894348144531,80.0726318359375,271.5019226074219,20.540000915527344,394.4375,42.50765609741211,77.68521118164062,78.35179138183594
2023-03-22,66.93791961669922,183.44000244140625,389.2556457519531,77.28775787353516,262.1411437988281,21.100000381469727,387.7137451171875,42.34252166748047,74.78315734863281,76.68515014648438
2023-03-23,66.94761657714844,185.74000549316406,390.2420349121094,76.83007049560547,255.11810302734375,21.280000686645508,388.7618713378906,42.37166213989258,74.3138427734375,75.62278747558594
2023-03-24,66.74394989013672,183.64999389648438,392.8216247558594,78.7427749633789,253.875244140625,21.219999313354492,391.3129577636719,42.22595977783203,76.21956634521484,75.9151840209961
2023-03-27,67.37434387207031,181.9499969482422,393.50360107421875,78.63542938232422,264.9621887207031,21.219999313354492,392.0446472167969,42.59507751464844,76.13250732421875,77.53309631347656
2023-03-28,67.40343475341797,183.44000244140625,392.772216796875,78.38169860839844,271.3243713378906,21.43000030517578,391.1646728515625,42.65336608886719,75.9487075805664,78.73190307617188
2023-03-29,68.21809387207031,182.52999877929688,398.4552307128906,80.13825988769531,273.6029052734375,21.440000534057617,396.85015869140625,43.13905715942383,77.63194274902344,79.82351684570312
2023-03-30,69.01336669921875,184.17999267578125,400.6691589355469,81.14340209960938,270.5648193359375,21.940000534057617,399.173828125,43.67331314086914,78.64768981933594,80.17438507080078
2023-03-31,69.36249542236328,183.22000122070312,406.2928771972656,82.85118103027344,273.3563232421875,22.1200008392334,404.800048828125,43.87730407714844,80.33091735839844,80.72993469238281
2023-04-03,69.91529846191406,184.5399932861328,407.73590087890625,82.19734191894531,289.5033874511719,22.059999465942383,406.342529296875,44.23671340942383,79.69245147705078,84.38485717773438
2023-04-04,69.92500305175781,187.97999572753906,405.65045166015625,82.13878631591797,280.2412414550781,22.969999313354492,404.088134765625,44.22700119018555,79.58602905273438,82.85466766357422
2023-04-05,69.44009399414062,187.8300018310547,404.6917419433594,81.68988800048828,278.8208923339844,22.940000534057617,403.0301208496094,43.88701629638672,79.160400390625,84.10221099853516
2023-04-06,69.76982879638672,186.49000549316406,406.2237548828125,82.18758392333984,274.5399475097656,22.889999389648438,404.6022644042969,44.03273010253906,79.7021255493164,82.82542419433594
2023-04-10,69.7213363647461,185.11000061035156,406.6882629394531,82.58768463134766,278.199462890625,22.8799991607666,405.0175476074219,44.07158279418945,80.0697250366211,83.4881820678711
2023-04-11,69.95409393310547,186.27999877929688,406.6783447265625,83.0268325805664,282.2929382324219,23.040000915527344,405.1263122558594,44.26585388183594,80.40831756591797,84.27764129638672
2023-04-12,70.40022277832031,187.19000244140625,405.1562805175781,82.6169662475586,283.9303283691406,23.43000030517578,403.47503662109375,44.5184211730957,80.0213623046875,84.33612823486328
2023-04-13,71.30216217041016,189.72000122070312,410.4341125488281,82.38275146484375,284.7884826660156,23.739999771118164,408.83428955078125,45.16924285888672,79.7795181274414,84.86243438720703
2023-04-14,71.01121520996094,186.36000061035156,409.4259948730469,81.05557250976562,284.1571960449219,23.309999465942383,407.8356018066406,44.94582748413086,78.5412826538086,85.01837921142578
2023-04-17,70.88513946533203,185.52999877929688,410.93817138671875,82.81214141845703,282.7762451171875,23.020000457763672,409.2990417480469,44.9069709777832,80.17613983154297,84.01448822021484
2023-04-18,71.2730712890625,186.25,411.1753845214844,82.65599822998047,282.8650207519531,23.149999618530273,409.56597900390625,45.081817626953125,79.99234008789062,84.34587097167969
2023-04-19,71.05001831054688,185.36000061035156,411.1457214355469,83.06587219238281,283.2990417480469,23.229999542236328,409.49676513671875,44.9069709777832,80.46635437011719,84.053466796875
2023-04-20,71.05001831054688,186.08999633789062,408.8428649902344,82.21685791015625,278.9688415527344,23.170000076293945,407.2621154785156,44.92639923095703,79.67310333251953,83.31275177001953
2023-04-21,71.40885162353516,184.25,409.0701904296875,82.38275146484375,274.03692626953125,22.979999542236328,407.5785217285156,45.072105407714844,79.68278503417969,82.82542419433594
2023-04-24,71.59312438964844,184.80999755859375,409.5841369628906,82.14855194091797,282.2830810546875,23.079999923706055,408.00372314453125,45.15953063964844,79.38288879394531,84.09246826171875
2023-04-25,70.59419250488281,185.75,403.0807189941406,81.280029296875,270.72265625,22.989999771118164,401.5271301269531,44.450416564941406,78.59931945800781,82.51354217529297
2023-04-26,70.54570007324219,184.74000549316406,401.4400634765625,80.64570617675781,265.1397399902344,22.829999923706055,399.8263854980469,44.46013641357422,77.84476470947266,81.41218566894531
2023-04-27,71.42825317382812,184.75,409.4062194824219,82.62671661376953,264.4295349121094,22.889999389648438,407.7861633300781,45.02353286743164,79.60539245605469,81.70457458496094
2023-04-28,71.39916229248047,184.8000030517578,412.7962951660156,83.61235046386719,270.39715576171875,23.0,411.2666931152344,45.03324890136719,80.58244323730469,82.97161865234375
2023-05-01,71.29247283935547,183.97000122070312,412.499755859375,82.87068939208984,269.568603515625,22.889999389648438,410.8514099121094,44.99439239501953,79.982666015625,82.03595733642578
2023-05-02,70.57479095458984,187.52000427246094,407.8841552734375,81.45568084716797,253.2538299560547,23.350000381469727,406.2337951660156,44.5184211730957,78.62834167480469,78.46875762939453
2023-05-03,70.75906372070312,189.11000061035156,404.94873046875,81.06533813476562,250.07766723632812,23.43000030517578,403.44537353515625,44.605838775634766,78.31877136230469,76.98728942871094
2023-05-04,70.61358642578125,190.44000244140625,402.1220397949219,81.72891998291016,251.11337280273438,23.940000534057617,400.5877685546875,44.537841796875,78.9669189453125,76.12960052490234
2023-05-05,71.65130615234375,187.4600067138672,409.47540283203125,83.08538818359375,258.0180358886719,23.56999969482422,408.00372314453125,45.25666809082031,80.28255462646484,78.19585418701172
2023-05-08,71.67070770263672,187.69000244140625,409.6928405761719,82.6169662475586,258.5309753417969,23.489999771118164,408.1124572753906,45.27609634399414,79.81820678710938,78.19585418701172
2023-05-09,71.37975311279297,189.02000427246094,408.02252197265625,82.23637390136719,259.5469665527344,23.479999542236328,406.3227844238281,45.10124588012695,79.47962951660156,78.22509765625
2023-05-10,71.23428344726562,188.75,409.74224853515625,83.0268325805664,256.2918701171875,23.309999465942383,408.22125244140625,45.03324890136719,80.24385070800781,77.33816528320312
2023-05-11,71.05970764160156,187.1300048828125,409.1294860839844,82.11927032470703,248.93345642089844,22.200000762939453,407.50927734375,44.829261779785156,79.3635482788086,76.4122543334961
2023-05-12,70.93363189697266,186.80999755859375,408.5957946777344,82.13878631591797,249.5548858642578,22.020000457763672,406.9753723144531,44.732120513916016,79.35386657714844,76.52920532226562
2023-05-15,71.47673797607422,187.2100067138672,409.9497985839844,82.00215911865234,252.43511962890625,22.100000381469727,408.3794250488281,45.12067413330078,79.21843719482422,76.91905975341797
2023-05-16,70.7978515625,184.8699951171875,407.2120666503906,80.00164031982422,245.67840576171875,21.809999465942383,405.6503601074219,44.6544075012207,77.23531341552734,75.02825927734375
2023-05-17,71.12759399414062,184.22999572753906,412.15386962890625,81.03605651855469,252.22799682617188,21.81999969482422,410.5745544433594,44.887542724609375,78.28008270263672,76.47073364257812
2023-05-18,71.02091979980469,181.83999633789062,416.14678955078125,80.67498016357422,255.7296600341797,21.559999465942383,414.5296936035156,44.80012130737305,77.9028091430664,77.02627563476562
2023-05-19,71.43795013427734,183.63999938964844,415.5439147949219,80.56764221191406,256.4694519042969,21.860000610351562,413.9265441894531,45.072105407714844,77.77704620361328,77.62080383300781
2023-05-22,71.45734405517578,183.2100067138672,415.6624755859375,81.07508850097656,261.26324462890625,21.670000076293945,414.0946350097656,45.1109619140625,78.25106811523438,77.2991714477539
2023-05-23,70.40991973876953,183.42999267578125,411.1160888671875,80.20658111572266,262.0326232910156,21.510000228881836,409.44732666015625,44.47956085205078,77.5158462524414,78.12763214111328
2023-05-24,69.38189697265625,181.9499969482422,408.03240966796875,78.56710815429688,264.271728515625,21.15999984741211,406.48095703125,43.84815979003906,75.85197448730469,78.46875762939453
2023-05-25,69.28491973876953,180.1999969482422,411.6300048828125,78.57686614990234,257.5643005371094,20.860000610351562,410.00103759765625,43.75102233886719,75.84229278564453,77.07501220703125
2023-05-26,69.96379089355469,180.9199981689453,417.0363464355469,79.48442077636719,256.26226806640625,21.3799991607666,415.3108215332031,44.15900421142578,76.71293640136719,76.77286529541016
2023-05-30,69.25582122802734,182.0399932861328,417.11541748046875,79.82598876953125,252.5436248779297,21.299999237060547,415.4690246582031,43.78016662597656,77.00314331054688,75.98340606689453
2023-05-31,68.53813934326172,182.32000732421875,414.5456848144531,80.24560546875,243.41958618164062,21.610000610351562,413.1651916503906,43.352760314941406,77.39009857177734,74.64813995361328
2023-06-01,69.55646514892578,183.75999450683594,418.81536865234375,80.29440307617188,255.65072631835938,21.950000762939453,417.0906677246094,44.023014068603516,77.39977264404297,75.57405853271484
2023-06-02,70.45841217041016,181.0500030517578,424.7850341796875,82.08999633789062,268.74005126953125,21.690000534057617,423.1222839355469,44.6738395690918,79.2861557006836,77.87422180175781
2023-06-05,70.05108642578125,182.13999938964844,424.0536193847656,81.54351043701172,264.1040344238281,21.639999389648438,422.3114929199219,44.39213943481445,78.73474884033203,77.35765838623047
2023-06-06,70.63298034667969,182.33999633789062,424.9530334472656,82.24612426757812,267.36895751953125,21.649999618530273,423.23101806640625,44.78068923950195,79.48930358886719,77.98143005371094
2023-06-07,70.01177978515625,180.14999389648438,423.5540771484375,83.53643798828125,275.4079895019531,21.510000228881836,421.767578125,44.3532829284668,80.95004272460938,80.04768371582031
2023-06-08,70.75248718261719,182.52999877929688,426.0029602050781,83.10503387451172,274.4018859863281,22.299999237060547,424.3187255859375,44.80983352661133,80.44700622558594,79.70655059814453
2023-06-09,70.63397216796875,182.0399932861328,426.8556213378906,82.59518432617188,272.63623046875,22.270000457763672,425.080078125,44.790401458740234,79.982666015625,79.2679672241211
2023-06-12,70.94013214111328,181.8800048828125,430.7321472167969,82.69322967529297,265.8006286621094,22.079999923706055,428.93634033203125,44.99439239501953,80.00201416015625,78.50774383544922
2023-06-13,71.61170959472656,180.5399932861328,433.5478515625,83.3011245727539,271.6005554199219,21.739999771118164,431.7642822265625,45.431514739990234,80.51472473144531,78.87810516357422
2023-06-14,71.87836456298828,180.63999938964844,434.053466796875,83.72272491455078,269.5390319824219,21.969999313354492,432.2784423828125,45.54808044433594,80.81460571289062,78.06915283203125
2023-06-15,72.63882446289062,181.91000366210938,439.41717529296875,84.1639404296875,274.6583557128906,21.940000534057617,437.6376953125,45.97549057006836,81.2402572631836,78.92684173583984
2023-06-16,72.48080444335938,181.6300048828125,437.8507080078125,84.13452911376953,272.5474853515625,22.18000030517578,436.14697265625,45.83949661254883,81.18221282958984,78.80987548828125
2023-06-20,71.52281951904297,179.75,435.7785949707031,83.25210571289062,268.3948059082031,21.260000228881836,433.8841857910156,45.22383499145508,80.22450256347656,77.04596710205078
2023-06-21,71.63146209716797,179.49000549316406,433.47845458984375,82.88932800292969,271.8668518066406,20.84000015258789,431.66107177734375,45.292457580566406,79.7408218383789,77.65557098388672
2023-06-22,71.1870346069336,177.7100067138672,435.044921875,81.67353820800781,266.8560485839844,20.530000686645508,433.2192687988281,45.0179557800293,78.59931945800781,76.61334228515625
2023-06-23,70.0809097290039,178.1999969482422,431.7334899902344,80.63423156738281,263.7587890625,20.579999923706055,429.944091796875,44.2924919128418,77.5158462524414,76.06272888183594
2023-06-26,70.1697998046875,178.50999450683594,429.90924072265625,82.46772003173828,269.73626708984375,20.899999618530273,428.1874694824219,44.429744720458984,79.30550384521484,77.4294204711914
2023-06-27,70.78211212158203,177.69000244140625,434.668212890625,83.4580078125,273.2872619628906,20.979999542236328,432.8818359375,44.792476654052734,80.28255462646484,77.60640716552734
2023-06-28,70.83149719238281,177.27999877929688,434.8069763183594,83.58546447753906,273.5831604003906,20.84000015258789,433.1001892089844,44.80228042602539,80.39863586425781,78.39299011230469
2023-06-29,70.73273468017578,177.08999633789062,436.5419921875,84.42867279052734,278.8406066894531,20.719999313354492,434.8071594238281,44.74345779418945,81.29671478271484,79.29756164550781
