date,symbol,open_price
09/03/2016 00:00,ETH/USD,10.3
10/03/2016 00:00,ETH/USD,11.2
11/03/2016 00:00,ETH/USD,11.75
12/03/2016 00:00,ETH/USD,11.95
13/03/2016 00:00,ETH/USD,12.92
14/03/2016 00:00,ETH/USD,15.07
15/03/2016 00:00,ETH/USD,12.63
16/03/2016 00:00,ETH/USD,13.06
17/03/2016 00:00,ETH/USD,12.58
18/03/2016 00:00,ETH/USD,11.09
19/03/2016 00:00,ETH/USD,10.97
20/03/2016 00:00,ETH/USD,10.55
21/03/2016 00:00,ETH/USD,10.18
22/03/2016 00:00,ETH/USD,11.53
23/03/2016 00:00,ETH/USD,11.37
24/03/2016 00:00,ETH/USD,12.43
25/03/2016 00:00,ETH/USD,11.32
26/03/2016 00:00,ETH/USD,10.67
27/03/2016 00:00,ETH/USD,10.93
28/03/2016 00:00,ETH/USD,10.4
29/03/2016 00:00,ETH/USD,11.78
30/03/2016 00:00,ETH/USD,11.79
31/03/2016 00:00,ETH/USD,11.92
01/04/2016 00:00,ETH/USD,11.41
02/04/2016 00:00,ETH/USD,11.65
03/04/2016 00:00,ETH/USD,11.61
04/04/2016 00:00,ETH/USD,11.6
05/04/2016 00:00,ETH/USD,11.15
06/04/2016 00:00,ETH/USD,10.4
07/04/2016 00:00,ETH/USD,10.76
08/04/2016 00:00,ETH/USD,10.05
09/04/2016 00:00,ETH/USD,9.692
10/04/2016 00:00,ETH/USD,9.15
11/04/2016 00:00,ETH/USD,8.56
12/04/2016 00:00,ETH/USD,8.531
13/04/2016 00:00,ETH/USD,7.483
14/04/2016 00:00,ETH/USD,8.081
15/04/2016 00:00,ETH/USD,8.392
16/04/2016 00:00,ETH/USD,8.23
17/04/2016 00:00,ETH/USD,8.7
18/04/2016 00:00,ETH/USD,9.302
19/04/2016 00:00,ETH/USD,8.973
20/04/2016 00:00,ETH/USD,8.73
21/04/2016 00:00,ETH/USD,8.614
22/04/2016 00:00,ETH/USD,8.23
23/04/2016 00:00,ETH/USD,7.948
24/04/2016 00:00,ETH/USD,8.348
25/04/2016 00:00,ETH/USD,8.05
26/04/2016 00:00,ETH/USD,7.56
27/04/2016 00:00,ETH/USD,7.398
28/04/2016 00:00,ETH/USD,7.725
29/04/2016 00:00,ETH/USD,7.234
30/04/2016 00:00,ETH/USD,7.45
01/05/2016 00:00,ETH/USD,8.742
02/05/2016 00:00,ETH/USD,8.828
03/05/2016 00:00,ETH/USD,10.01
04/05/2016 00:00,ETH/USD,9.382
05/05/2016 00:00,ETH/USD,9.4
06/05/2016 00:00,ETH/USD,9.849
07/05/2016 00:00,ETH/USD,9.449
08/05/2016 00:00,ETH/USD,9.414
09/05/2016 00:00,ETH/USD,9.51
10/05/2016 00:00,ETH/USD,9.311
11/05/2016 00:00,ETH/USD,9.382
12/05/2016 00:00,ETH/USD,9.919
13/05/2016 00:00,ETH/USD,10.09
14/05/2016 00:00,ETH/USD,10.6
15/05/2016 00:00,ETH/USD,10.25
16/05/2016 00:00,ETH/USD,10.01
17/05/2016 00:00,ETH/USD,11.15
18/05/2016 00:00,ETH/USD,12.28
19/05/2016 00:00,ETH/USD,13.4
20/05/2016 00:00,ETH/USD,14.74
21/05/2016 00:00,ETH/USD,13.6
22/05/2016 00:00,ETH/USD,14.06
23/05/2016 00:00,ETH/USD,14.21
24/05/2016 00:00,ETH/USD,13.38
25/05/2016 00:00,ETH/USD,12.84
26/05/2016 00:00,ETH/USD,12.52
27/05/2016 00:00,ETH/USD,12.4
28/05/2016 00:00,ETH/USD,10.99
29/05/2016 00:00,ETH/USD,11.8
30/05/2016 00:00,ETH/USD,12.44
31/05/2016 00:00,ETH/USD,12.78
01/06/2016 00:00,ETH/USD,14.07
02/06/2016 00:00,ETH/USD,13.94
03/06/2016 00:00,ETH/USD,13.82
04/06/2016 00:00,ETH/USD,13.9
05/06/2016 00:00,ETH/USD,13.75
06/06/2016 00:00,ETH/USD,14
07/06/2016 00:00,ETH/USD,13.94
08/06/2016 00:00,ETH/USD,14.6
09/06/2016 00:00,ETH/USD,14.51
10/06/2016 00:00,ETH/USD,14.44
11/06/2016 00:00,ETH/USD,13.95
12/06/2016 00:00,ETH/USD,14.3
13/06/2016 00:00,ETH/USD,15.75
14/06/2016 00:00,ETH/USD,17.65
15/06/2016 00:00,ETH/USD,18.7
16/06/2016 00:00,ETH/USD,18.61
17/06/2016 00:00,ETH/USD,20.86
18/06/2016 00:00,ETH/USD,15.19
19/06/2016 00:00,ETH/USD,10.76
20/06/2016 00:00,ETH/USD,12.33
21/06/2016 00:00,ETH/USD,11.67
22/06/2016 00:00,ETH/USD,13.75
23/06/2016 00:00,ETH/USD,13.26
24/06/2016 00:00,ETH/USD,13.76
25/06/2016 00:00,ETH/USD,14.39
26/06/2016 00:00,ETH/USD,14.22
27/06/2016 00:00,ETH/USD,13.71
28/06/2016 00:00,ETH/USD,13.95
29/06/2016 00:00,ETH/USD,12.08
30/06/2016 00:00,ETH/USD,12.64
01/07/2016 00:00,ETH/USD,12.5
02/07/2016 00:00,ETH/USD,12.17
03/07/2016 00:00,ETH/USD,12.06
04/07/2016 00:00,ETH/USD,11.65
05/07/2016 00:00,ETH/USD,11.42
06/07/2016 00:00,ETH/USD,10.37
07/07/2016 00:00,ETH/USD,10.58
08/07/2016 00:00,ETH/USD,10.16
09/07/2016 00:00,ETH/USD,11.37
10/07/2016 00:00,ETH/USD,10.83
11/07/2016 00:00,ETH/USD,10.95
12/07/2016 00:00,ETH/USD,10.48
13/07/2016 00:00,ETH/USD,10.55
14/07/2016 00:00,ETH/USD,10.7
15/07/2016 00:00,ETH/USD,11.5
16/07/2016 00:00,ETH/USD,11.95
17/07/2016 00:00,ETH/USD,11.72
18/07/2016 00:00,ETH/USD,11.31
19/07/2016 00:00,ETH/USD,11.09
20/07/2016 00:00,ETH/USD,11.7
21/07/2016 00:00,ETH/USD,12.52
22/07/2016 00:00,ETH/USD,12.67
23/07/2016 00:00,ETH/USD,14.55
24/07/2016 00:00,ETH/USD,14.33
25/07/2016 00:00,ETH/USD,12.86
26/07/2016 00:00,ETH/USD,13.55
27/07/2016 00:00,ETH/USD,12.01
28/07/2016 00:00,ETH/USD,12.93
29/07/2016 00:00,ETH/USD,12.87
30/07/2016 00:00,ETH/USD,12.85
31/07/2016 00:00,ETH/USD,12.45
01/08/2016 00:00,ETH/USD,12
02/08/2016 00:00,ETH/USD,11.04
03/08/2016 00:00,ETH/USD,10.16
04/08/2016 00:00,ETH/USD,10.16
05/08/2016 00:00,ETH/USD,10.16
06/08/2016 00:00,ETH/USD,10.16
07/08/2016 00:00,ETH/USD,10.16
08/08/2016 00:00,ETH/USD,10.16
09/08/2016 00:00,ETH/USD,10.16
10/08/2016 00:00,ETH/USD,11.99
11/08/2016 00:00,ETH/USD,11.9
12/08/2016 00:00,ETH/USD,11.71
13/08/2016 00:00,ETH/USD,11.69
14/08/2016 00:00,ETH/USD,11.48
15/08/2016 00:00,ETH/USD,11.16
16/08/2016 00:00,ETH/USD,11.15
17/08/2016 00:00,ETH/USD,11.07
18/08/2016 00:00,ETH/USD,10.72
19/08/2016 00:00,ETH/USD,10.69
20/08/2016 00:00,ETH/USD,10.69
21/08/2016 00:00,ETH/USD,11.26
22/08/2016 00:00,ETH/USD,11.2
23/08/2016 00:00,ETH/USD,11.14
24/08/2016 00:00,ETH/USD,11.03
25/08/2016 00:00,ETH/USD,10.98
26/08/2016 00:00,ETH/USD,11.39
27/08/2016 00:00,ETH/USD,11.26
28/08/2016 00:00,ETH/USD,11.11
29/08/2016 00:00,ETH/USD,10.94
30/08/2016 00:00,ETH/USD,11.03
31/08/2016 00:00,ETH/USD,11.33
01/09/2016 00:00,ETH/USD,11.66
02/09/2016 00:00,ETH/USD,12.22
03/09/2016 00:00,ETH/USD,12.13
04/09/2016 00:00,ETH/USD,11.88
05/09/2016 00:00,ETH/USD,11.73
06/09/2016 00:00,ETH/USD,11.85
07/09/2016 00:00,ETH/USD,11.73
08/09/2016 00:00,ETH/USD,11.64
09/09/2016 00:00,ETH/USD,11.45
10/09/2016 00:00,ETH/USD,11.72
11/09/2016 00:00,ETH/USD,12.13
12/09/2016 00:00,ETH/USD,11.8
13/09/2016 00:00,ETH/USD,12
14/09/2016 00:00,ETH/USD,12.01
15/09/2016 00:00,ETH/USD,11.94
16/09/2016 00:00,ETH/USD,12
17/09/2016 00:00,ETH/USD,12.6
18/09/2016 00:00,ETH/USD,12.73
19/09/2016 00:00,ETH/USD,12.49
20/09/2016 00:00,ETH/USD,13.15
21/09/2016 00:00,ETH/USD,14.3
22/09/2016 00:00,ETH/USD,13.65
23/09/2016 00:00,ETH/USD,13.3
24/09/2016 00:00,ETH/USD,13.39
25/09/2016 00:00,ETH/USD,12.86
26/09/2016 00:00,ETH/USD,13.14
27/09/2016 00:00,ETH/USD,12.9
28/09/2016 00:00,ETH/USD,13.08
29/09/2016 00:00,ETH/USD,13.25
30/09/2016 00:00,ETH/USD,13.1
01/10/2016 00:00,ETH/USD,13.25
02/10/2016 00:00,ETH/USD,13.18
03/10/2016 00:00,ETH/USD,13.22
04/10/2016 00:00,ETH/USD,13.44
05/10/2016 00:00,ETH/USD,13.33
06/10/2016 00:00,ETH/USD,13.11
07/10/2016 00:00,ETH/USD,12.84
08/10/2016 00:00,ETH/USD,12.73
09/10/2016 00:00,ETH/USD,12.26
10/10/2016 00:00,ETH/USD,12.03
11/10/2016 00:00,ETH/USD,11.76
12/10/2016 00:00,ETH/USD,11.84
13/10/2016 00:00,ETH/USD,11.72
14/10/2016 00:00,ETH/USD,12.07
15/10/2016 00:00,ETH/USD,11.96
16/10/2016 00:00,ETH/USD,12.01
17/10/2016 00:00,ETH/USD,11.98
18/10/2016 00:00,ETH/USD,12
19/10/2016 00:00,ETH/USD,12.54
20/10/2016 00:00,ETH/USD,11.99
21/10/2016 00:00,ETH/USD,12.1
22/10/2016 00:00,ETH/USD,12.16
23/10/2016 00:00,ETH/USD,12.25
24/10/2016 00:00,ETH/USD,12.07
25/10/2016 00:00,ETH/USD,11.99
26/10/2016 00:00,ETH/USD,11.36
27/10/2016 00:00,ETH/USD,11.5
28/10/2016 00:00,ETH/USD,11.57
29/10/2016 00:00,ETH/USD,11.15
30/10/2016 00:00,ETH/USD,10.38
31/10/2016 00:00,ETH/USD,11.28
01/11/2016 00:00,ETH/USD,10.96
02/11/2016 00:00,ETH/USD,10.81
03/11/2016 00:00,ETH/USD,10.94
04/11/2016 00:00,ETH/USD,10.86
05/11/2016 00:00,ETH/USD,11.23
06/11/2016 00:00,ETH/USD,11.15
07/11/2016 00:00,ETH/USD,10.91
08/11/2016 00:00,ETH/USD,10.88
09/11/2016 00:00,ETH/USD,10.92
10/11/2016 00:00,ETH/USD,10.66
11/11/2016 00:00,ETH/USD,10.54
12/11/2016 00:00,ETH/USD,10.27
13/11/2016 00:00,ETH/USD,10.01
14/11/2016 00:00,ETH/USD,10.08
15/11/2016 00:00,ETH/USD,10
16/11/2016 00:00,ETH/USD,10.19
17/11/2016 00:00,ETH/USD,10.02
18/11/2016 00:00,ETH/USD,9.964
19/11/2016 00:00,ETH/USD,9.539
20/11/2016 00:00,ETH/USD,9.682
21/11/2016 00:00,ETH/USD,9.538
22/11/2016 00:00,ETH/USD,9.611
23/11/2016 00:00,ETH/USD,9.89
24/11/2016 00:00,ETH/USD,9.693
25/11/2016 00:00,ETH/USD,9.173
26/11/2016 00:00,ETH/USD,9.381
27/11/2016 00:00,ETH/USD,9.332
28/11/2016 00:00,ETH/USD,8.97
29/11/2016 00:00,ETH/USD,8.699
30/11/2016 00:00,ETH/USD,8.16
01/12/2016 00:00,ETH/USD,8.608
02/12/2016 00:00,ETH/USD,8.43
03/12/2016 00:00,ETH/USD,7.76
04/12/2016 00:00,ETH/USD,7.846
05/12/2016 00:00,ETH/USD,7.405
06/12/2016 00:00,ETH/USD,6.682
07/12/2016 00:00,ETH/USD,7.6
08/12/2016 00:00,ETH/USD,8.349
09/12/2016 00:00,ETH/USD,8.101
10/12/2016 00:00,ETH/USD,8.416
11/12/2016 00:00,ETH/USD,8.136
12/12/2016 00:00,ETH/USD,8.195
13/12/2016 00:00,ETH/USD,8.488
14/12/2016 00:00,ETH/USD,8.44
15/12/2016 00:00,ETH/USD,8.155
16/12/2016 00:00,ETH/USD,7.861
17/12/2016 00:00,ETH/USD,7.855
18/12/2016 00:00,ETH/USD,7.881
19/12/2016 00:00,ETH/USD,7.93
20/12/2016 00:00,ETH/USD,7.628
21/12/2016 00:00,ETH/USD,7.683
22/12/2016 00:00,ETH/USD,7.84
23/12/2016 00:00,ETH/USD,7.545
24/12/2016 00:00,ETH/USD,7.11
25/12/2016 00:00,ETH/USD,7.253
26/12/2016 00:00,ETH/USD,7.11
27/12/2016 00:00,ETH/USD,7.274
28/12/2016 00:00,ETH/USD,7.2
29/12/2016 00:00,ETH/USD,7.616
30/12/2016 00:00,ETH/USD,8.267
31/12/2016 00:00,ETH/USD,8.17
01/01/2017 00:00,ETH/USD,8.172
02/01/2017 00:00,ETH/USD,8.191
03/01/2017 00:00,ETH/USD,8.426
04/01/2017 00:00,ETH/USD,9.569
05/01/2017 00:00,ETH/USD,11.16
06/01/2017 00:00,ETH/USD,10.23
07/01/2017 00:00,ETH/USD,10.09
08/01/2017 00:00,ETH/USD,9.796
09/01/2017 00:00,ETH/USD,10.43
10/01/2017 00:00,ETH/USD,10.43
11/01/2017 00:00,ETH/USD,10.61
12/01/2017 00:00,ETH/USD,9.484
13/01/2017 00:00,ETH/USD,9.831
14/01/2017 00:00,ETH/USD,9.72
15/01/2017 00:00,ETH/USD,9.673
16/01/2017 00:00,ETH/USD,9.72
17/01/2017 00:00,ETH/USD,9.536
18/01/2017 00:00,ETH/USD,10.3
19/01/2017 00:00,ETH/USD,10.31
20/01/2017 00:00,ETH/USD,10.38
21/01/2017 00:00,ETH/USD,10.64
22/01/2017 00:00,ETH/USD,10.91
23/01/2017 00:00,ETH/USD,10.64
24/01/2017 00:00,ETH/USD,10.58
25/01/2017 00:00,ETH/USD,10.52
26/01/2017 00:00,ETH/USD,10.49
27/01/2017 00:00,ETH/USD,10.52
28/01/2017 00:00,ETH/USD,10.5
29/01/2017 00:00,ETH/USD,10.49
30/01/2017 00:00,ETH/USD,10.44
31/01/2017 00:00,ETH/USD,10.5
01/02/2017 00:00,ETH/USD,10.71
02/02/2017 00:00,ETH/USD,10.71
03/02/2017 00:00,ETH/USD,10.78
04/02/2017 00:00,ETH/USD,11
05/02/2017 00:00,ETH/USD,11.32
06/02/2017 00:00,ETH/USD,11.18
07/02/2017 00:00,ETH/USD,11.31
08/02/2017 00:00,ETH/USD,11.45
09/02/2017 00:00,ETH/USD,11.35
10/02/2017 00:00,ETH/USD,10.95
11/02/2017 00:00,ETH/USD,11.27
12/02/2017 00:00,ETH/USD,11.33
13/02/2017 00:00,ETH/USD,11.33
14/02/2017 00:00,ETH/USD,11.32
15/02/2017 00:00,ETH/USD,13.02
16/02/2017 00:00,ETH/USD,12.92
17/02/2017 00:00,ETH/USD,12.92
18/02/2017 00:00,ETH/USD,12.76
19/02/2017 00:00,ETH/USD,12.79
20/02/2017 00:00,ETH/USD,12.8
21/02/2017 00:00,ETH/USD,12.4
22/02/2017 00:00,ETH/USD,12.82
23/02/2017 00:00,ETH/USD,12.68
24/02/2017 00:00,ETH/USD,13.27
25/02/2017 00:00,ETH/USD,13.11
26/02/2017 00:00,ETH/USD,13.55
27/02/2017 00:00,ETH/USD,14.57
28/02/2017 00:00,ETH/USD,15.5
01/03/2017 00:00,ETH/USD,15.86
02/03/2017 00:00,ETH/USD,17.43
03/03/2017 00:00,ETH/USD,19.02
04/03/2017 00:00,ETH/USD,19.49
05/03/2017 00:00,ETH/USD,18.5
06/03/2017 00:00,ETH/USD,19.35
07/03/2017 00:00,ETH/USD,19.51
08/03/2017 00:00,ETH/USD,18.88
09/03/2017 00:00,ETH/USD,16.51
10/03/2017 00:00,ETH/USD,17.75
11/03/2017 00:00,ETH/USD,19.18
12/03/2017 00:00,ETH/USD,21.3
13/03/2017 00:00,ETH/USD,23.2
14/03/2017 00:00,ETH/USD,28.4
15/03/2017 00:00,ETH/USD,28.66
16/03/2017 00:00,ETH/USD,34.8
17/03/2017 00:00,ETH/USD,45.07
18/03/2017 00:00,ETH/USD,44.65
19/03/2017 00:00,ETH/USD,34.2
20/03/2017 00:00,ETH/USD,43.17
21/03/2017 00:00,ETH/USD,42.06
22/03/2017 00:00,ETH/USD,42.45
23/03/2017 00:00,ETH/USD,41.46
24/03/2017 00:00,ETH/USD,43.14
25/03/2017 00:00,ETH/USD,54.01
26/03/2017 00:00,ETH/USD,50.75
27/03/2017 00:00,ETH/USD,50.46
28/03/2017 00:00,ETH/USD,48.93
29/03/2017 00:00,ETH/USD,50.16
30/03/2017 00:00,ETH/USD,52.88
31/03/2017 00:00,ETH/USD,51.62
01/04/2017 00:00,ETH/USD,49.72
02/04/2017 00:00,ETH/USD,50.59
03/04/2017 00:00,ETH/USD,48.6
04/04/2017 00:00,ETH/USD,44.28
05/04/2017 00:00,ETH/USD,44.41
06/04/2017 00:00,ETH/USD,45.35
07/04/2017 00:00,ETH/USD,43.11
08/04/2017 00:00,ETH/USD,42.25
09/04/2017 00:00,ETH/USD,44.51
10/04/2017 00:00,ETH/USD,43.94
11/04/2017 00:00,ETH/USD,44.17
12/04/2017 00:00,ETH/USD,44.21
13/04/2017 00:00,ETH/USD,46.85
14/04/2017 00:00,ETH/USD,50.65
15/04/2017 00:00,ETH/USD,48.5
16/04/2017 00:00,ETH/USD,49.71
17/04/2017 00:00,ETH/USD,49.58
18/04/2017 00:00,ETH/USD,49.52
19/04/2017 00:00,ETH/USD,52.42
20/04/2017 00:00,ETH/USD,49.66
21/04/2017 00:00,ETH/USD,51.96
22/04/2017 00:00,ETH/USD,51.37
23/04/2017 00:00,ETH/USD,52.15
24/04/2017 00:00,ETH/USD,53.33
25/04/2017 00:00,ETH/USD,53.54
26/04/2017 00:00,ETH/USD,53.9
27/04/2017 00:00,ETH/USD,57.31
28/04/2017 00:00,ETH/USD,68
29/04/2017 00:00,ETH/USD,76
30/04/2017 00:00,ETH/USD,73.55
01/05/2017 00:00,ETH/USD,83.51
02/05/2017 00:00,ETH/USD,81.4
03/05/2017 00:00,ETH/USD,82.01
04/05/2017 00:00,ETH/USD,85.79
05/05/2017 00:00,ETH/USD,99.2
06/05/2017 00:00,ETH/USD,91.5
07/05/2017 00:00,ETH/USD,96.65
08/05/2017 00:00,ETH/USD,94.21
09/05/2017 00:00,ETH/USD,88.97
10/05/2017 00:00,ETH/USD,88.94
11/05/2017 00:00,ETH/USD,88.33
12/05/2017 00:00,ETH/USD,89.38
13/05/2017 00:00,ETH/USD,86.99
14/05/2017 00:00,ETH/USD,89.9
15/05/2017 00:00,ETH/USD,90.37
16/05/2017 00:00,ETH/USD,92.56
17/05/2017 00:00,ETH/USD,88.17
18/05/2017 00:00,ETH/USD,89.67
19/05/2017 00:00,ETH/USD,98.6
20/05/2017 00:00,ETH/USD,124.4
21/05/2017 00:00,ETH/USD,123.03
22/05/2017 00:00,ETH/USD,146.14
23/05/2017 00:00,ETH/USD,154.92
24/05/2017 00:00,ETH/USD,168.24
25/05/2017 00:00,ETH/USD,183.88
26/05/2017 00:00,ETH/USD,168.71
27/05/2017 00:00,ETH/USD,152.8
28/05/2017 00:00,ETH/USD,149.99
29/05/2017 00:00,ETH/USD,161.91
30/05/2017 00:00,ETH/USD,189.99
31/05/2017 00:00,ETH/USD,224.69
01/06/2017 00:00,ETH/USD,218.34
02/06/2017 00:00,ETH/USD,211.4
03/06/2017 00:00,ETH/USD,214.77
04/06/2017 00:00,ETH/USD,217.01
05/06/2017 00:00,ETH/USD,241.06
06/06/2017 00:00,ETH/USD,242.16
07/06/2017 00:00,ETH/USD,261.89
08/06/2017 00:00,ETH/USD,250.7
09/06/2017 00:00,ETH/USD,256.95
10/06/2017 00:00,ETH/USD,278.41
11/06/2017 00:00,ETH/USD,325.88
12/06/2017 00:00,ETH/USD,336.33
13/06/2017 00:00,ETH/USD,386.9
14/06/2017 00:00,ETH/USD,382.7
15/06/2017 00:00,ETH/USD,335.95
16/06/2017 00:00,ETH/USD,338.7
17/06/2017 00:00,ETH/USD,348.44
18/06/2017 00:00,ETH/USD,364.56
19/06/2017 00:00,ETH/USD,348.88
20/06/2017 00:00,ETH/USD,355.5
21/06/2017 00:00,ETH/USD,344.15
22/06/2017 00:00,ETH/USD,321.66
23/06/2017 00:00,ETH/USD,320.94
24/06/2017 00:00,ETH/USD,324.37
25/06/2017 00:00,ETH/USD,296.89
26/06/2017 00:00,ETH/USD,277
27/06/2017 00:00,ETH/USD,251.3
28/06/2017 00:00,ETH/USD,279
29/06/2017 00:00,ETH/USD,311.62
30/06/2017 00:00,ETH/USD,285.3
01/07/2017 00:00,ETH/USD,275.62
02/07/2017 00:00,ETH/USD,255
03/07/2017 00:00,ETH/USD,277.64
04/07/2017 00:00,ETH/USD,273.99
05/07/2017 00:00,ETH/USD,266.68
06/07/2017 00:00,ETH/USD,264.77
07/07/2017 00:00,ETH/USD,265.35
08/07/2017 00:00,ETH/USD,238.38
09/07/2017 00:00,ETH/USD,245.23
10/07/2017 00:00,ETH/USD,234.97
11/07/2017 00:00,ETH/USD,202
12/07/2017 00:00,ETH/USD,188.63
13/07/2017 00:00,ETH/USD,223.92
14/07/2017 00:00,ETH/USD,205
15/07/2017 00:00,ETH/USD,196.49
16/07/2017 00:00,ETH/USD,170.15
17/07/2017 00:00,ETH/USD,157.4
18/07/2017 00:00,ETH/USD,190.16
19/07/2017 00:00,ETH/USD,226.56
20/07/2017 00:00,ETH/USD,194.63
21/07/2017 00:00,ETH/USD,227.29
22/07/2017 00:00,ETH/USD,216.11
23/07/2017 00:00,ETH/USD,232.01
24/07/2017 00:00,ETH/USD,228.15
25/07/2017 00:00,ETH/USD,226.59
26/07/2017 00:00,ETH/USD,202.7
27/07/2017 00:00,ETH/USD,203.33
28/07/2017 00:00,ETH/USD,202.54
29/07/2017 00:00,ETH/USD,191.2
30/07/2017 00:00,ETH/USD,206.76
31/07/2017 00:00,ETH/USD,195.31
01/08/2017 00:00,ETH/USD,200.81
02/08/2017 00:00,ETH/USD,225.97
03/08/2017 00:00,ETH/USD,218
04/08/2017 00:00,ETH/USD,224.79
05/08/2017 00:00,ETH/USD,220.73
06/08/2017 00:00,ETH/USD,253.87
07/08/2017 00:00,ETH/USD,264.29
08/08/2017 00:00,ETH/USD,269.51
09/08/2017 00:00,ETH/USD,295.83
10/08/2017 00:00,ETH/USD,293.99
11/08/2017 00:00,ETH/USD,295.97
12/08/2017 00:00,ETH/USD,308.81
13/08/2017 00:00,ETH/USD,307.22
14/08/2017 00:00,ETH/USD,296.64
15/08/2017 00:00,ETH/USD,298.22
16/08/2017 00:00,ETH/USD,286
17/08/2017 00:00,ETH/USD,301.34
18/08/2017 00:00,ETH/USD,299
19/08/2017 00:00,ETH/USD,292
20/08/2017 00:00,ETH/USD,292.78
21/08/2017 00:00,ETH/USD,298.37
22/08/2017 00:00,ETH/USD,322.24
23/08/2017 00:00,ETH/USD,312.54
24/08/2017 00:00,ETH/USD,316.5
25/08/2017 00:00,ETH/USD,325.62
26/08/2017 00:00,ETH/USD,328.7
27/08/2017 00:00,ETH/USD,332.72
28/08/2017 00:00,ETH/USD,348.01
29/08/2017 00:00,ETH/USD,347.09
30/08/2017 00:00,ETH/USD,372
31/08/2017 00:00,ETH/USD,382.78
01/09/2017 00:00,ETH/USD,387.3
02/09/2017 00:00,ETH/USD,390.35
03/09/2017 00:00,ETH/USD,345
04/09/2017 00:00,ETH/USD,350.63
05/09/2017 00:00,ETH/USD,295.81
06/09/2017 00:00,ETH/USD,316.18
07/09/2017 00:00,ETH/USD,337.36
08/09/2017 00:00,ETH/USD,334.1
09/09/2017 00:00,ETH/USD,304
10/09/2017 00:00,ETH/USD,303.08
11/09/2017 00:00,ETH/USD,297.9
12/09/2017 00:00,ETH/USD,297.19
13/09/2017 00:00,ETH/USD,293.9
14/09/2017 00:00,ETH/USD,275.48
15/09/2017 00:00,ETH/USD,222.5
16/09/2017 00:00,ETH/USD,258.68
17/09/2017 00:00,ETH/USD,253
18/09/2017 00:00,ETH/USD,257
19/09/2017 00:00,ETH/USD,296.81
20/09/2017 00:00,ETH/USD,282.63
21/09/2017 00:00,ETH/USD,283.5
22/09/2017 00:00,ETH/USD,256.67
23/09/2017 00:00,ETH/USD,262.19
24/09/2017 00:00,ETH/USD,285.9
25/09/2017 00:00,ETH/USD,282
26/09/2017 00:00,ETH/USD,295.2
27/09/2017 00:00,ETH/USD,289.28
28/09/2017 00:00,ETH/USD,309.75
29/09/2017 00:00,ETH/USD,302.63
30/09/2017 00:00,ETH/USD,292.66
01/10/2017 00:00,ETH/USD,303.44
02/10/2017 00:00,ETH/USD,304.26
03/10/2017 00:00,ETH/USD,296.82
04/10/2017 00:00,ETH/USD,291.69
05/10/2017 00:00,ETH/USD,291.4
06/10/2017 00:00,ETH/USD,295.12
07/10/2017 00:00,ETH/USD,308.43
08/10/2017 00:00,ETH/USD,311.46
09/10/2017 00:00,ETH/USD,309.82
10/10/2017 00:00,ETH/USD,297.4
11/10/2017 00:00,ETH/USD,299.32
12/10/2017 00:00,ETH/USD,303.2
13/10/2017 00:00,ETH/USD,303.06
14/10/2017 00:00,ETH/USD,337.46
15/10/2017 00:00,ETH/USD,339.24
16/10/2017 00:00,ETH/USD,337.23
17/10/2017 00:00,ETH/USD,334.46
18/10/2017 00:00,ETH/USD,315.65
19/10/2017 00:00,ETH/USD,313.45
20/10/2017 00:00,ETH/USD,306.97
21/10/2017 00:00,ETH/USD,302.61
22/10/2017 00:00,ETH/USD,299.23
23/10/2017 00:00,ETH/USD,293.55
24/10/2017 00:00,ETH/USD,284.85
25/10/2017 00:00,ETH/USD,296.3
26/10/2017 00:00,ETH/USD,295.46
27/10/2017 00:00,ETH/USD,295.1
28/10/2017 00:00,ETH/USD,295.99
29/10/2017 00:00,ETH/USD,293.49
30/10/2017 00:00,ETH/USD,304.39
31/10/2017 00:00,ETH/USD,307
01/11/2017 00:00,ETH/USD,303.69
02/11/2017 00:00,ETH/USD,288.6
03/11/2017 00:00,ETH/USD,284.89
04/11/2017 00:00,ETH/USD,303.47
05/11/2017 00:00,ETH/USD,299.48
06/11/2017 00:00,ETH/USD,295.63
07/11/2017 00:00,ETH/USD,296.9
08/11/2017 00:00,ETH/USD,291.42
09/11/2017 00:00,ETH/USD,307.5
10/11/2017 00:00,ETH/USD,319.52
11/11/2017 00:00,ETH/USD,296.18
12/11/2017 00:00,ETH/USD,313.07
13/11/2017 00:00,ETH/USD,303.9
14/11/2017 00:00,ETH/USD,313.22
15/11/2017 00:00,ETH/USD,334.28
16/11/2017 00:00,ETH/USD,330.59
17/11/2017 00:00,ETH/USD,331.16
18/11/2017 00:00,ETH/USD,331
19/11/2017 00:00,ETH/USD,346.68
20/11/2017 00:00,ETH/USD,354.7
21/11/2017 00:00,ETH/USD,367.94
22/11/2017 00:00,ETH/USD,360
23/11/2017 00:00,ETH/USD,380.48
24/11/2017 00:00,ETH/USD,405.19
25/11/2017 00:00,ETH/USD,469.89
26/11/2017 00:00,ETH/USD,464
27/11/2017 00:00,ETH/USD,464
28/11/2017 00:00,ETH/USD,473.44
29/11/2017 00:00,ETH/USD,465.56
30/11/2017 00:00,ETH/USD,420.34
01/12/2017 00:00,ETH/USD,432.21
02/12/2017 00:00,ETH/USD,460.67
03/12/2017 00:00,ETH/USD,455.51
04/12/2017 00:00,ETH/USD,459.49
05/12/2017 00:00,ETH/USD,465
06/12/2017 00:00,ETH/USD,451.87
07/12/2017 00:00,ETH/USD,413.71
08/12/2017 00:00,ETH/USD,415.02
09/12/2017 00:00,ETH/USD,442.19
10/12/2017 00:00,ETH/USD,460.92
11/12/2017 00:00,ETH/USD,429.24
12/12/2017 00:00,ETH/USD,515.25
13/12/2017 00:00,ETH/USD,634.87
14/12/2017 00:00,ETH/USD,690.69
15/12/2017 00:00,ETH/USD,686.51
16/12/2017 00:00,ETH/USD,678.29
17/12/2017 00:00,ETH/USD,683.25
18/12/2017 00:00,ETH/USD,708.78
19/12/2017 00:00,ETH/USD,783.99
20/12/2017 00:00,ETH/USD,799.98
21/12/2017 00:00,ETH/USD,794.99
22/12/2017 00:00,ETH/USD,786.97
23/12/2017 00:00,ETH/USD,628.19
24/12/2017 00:00,ETH/USD,672.59
25/12/2017 00:00,ETH/USD,659.89
26/12/2017 00:00,ETH/USD,709.81
27/12/2017 00:00,ETH/USD,749.8
28/12/2017 00:00,ETH/USD,736.45
29/12/2017 00:00,ETH/USD,711.42
30/12/2017 00:00,ETH/USD,731.52
31/12/2017 00:00,ETH/USD,682.22
01/01/2018 00:00,ETH/USD,736.77
02/01/2018 00:00,ETH/USD,752.46
03/01/2018 00:00,ETH/USD,858.78
04/01/2018 00:00,ETH/USD,942.01
05/01/2018 00:00,ETH/USD,939.3
06/01/2018 00:00,ETH/USD,962.77
07/01/2018 00:00,ETH/USD,1004.3
08/01/2018 00:00,ETH/USD,1115.8
09/01/2018 00:00,ETH/USD,1129
10/01/2018 00:00,ETH/USD,1283.8
11/01/2018 00:00,ETH/USD,1246.9
12/01/2018 00:00,ETH/USD,1135.1
13/01/2018 00:00,ETH/USD,1257
14/01/2018 00:00,ETH/USD,1379.9
15/01/2018 00:00,ETH/USD,1349.7
16/01/2018 00:00,ETH/USD,1276.9
17/01/2018 00:00,ETH/USD,1019.6
18/01/2018 00:00,ETH/USD,1021.6
19/01/2018 00:00,ETH/USD,994
20/01/2018 00:00,ETH/USD,1032.6
21/01/2018 00:00,ETH/USD,1146.3
22/01/2018 00:00,ETH/USD,1047.7
23/01/2018 00:00,ETH/USD,997.52
24/01/2018 00:00,ETH/USD,981.8
25/01/2018 00:00,ETH/USD,1061.6
26/01/2018 00:00,ETH/USD,1048.2
27/01/2018 00:00,ETH/USD,1046.9
28/01/2018 00:00,ETH/USD,1113.9
29/01/2018 00:00,ETH/USD,1245.5
30/01/2018 00:00,ETH/USD,1174.3
31/01/2018 00:00,ETH/USD,1076.9
01/02/2018 00:00,ETH/USD,1120
02/02/2018 00:00,ETH/USD,1035
03/02/2018 00:00,ETH/USD,923.13
04/02/2018 00:00,ETH/USD,972.1
05/02/2018 00:00,ETH/USD,825.3
06/02/2018 00:00,ETH/USD,698.62
07/02/2018 00:00,ETH/USD,782.99
08/02/2018 00:00,ETH/USD,752.8
09/02/2018 00:00,ETH/USD,813.11
10/02/2018 00:00,ETH/USD,878.01
11/02/2018 00:00,ETH/USD,851.09
12/02/2018 00:00,ETH/USD,810.46
13/02/2018 00:00,ETH/USD,866.4
14/02/2018 00:00,ETH/USD,839.83
15/02/2018 00:00,ETH/USD,919.13
16/02/2018 00:00,ETH/USD,925.02
17/02/2018 00:00,ETH/USD,937.38
18/02/2018 00:00,ETH/USD,973.28
19/02/2018 00:00,ETH/USD,913.13
20/02/2018 00:00,ETH/USD,939.19
21/02/2018 00:00,ETH/USD,883.91
22/02/2018 00:00,ETH/USD,837.79
23/02/2018 00:00,ETH/USD,802.85
24/02/2018 00:00,ETH/USD,852.56
25/02/2018 00:00,ETH/USD,831.51
26/02/2018 00:00,ETH/USD,838.47
27/02/2018 00:00,ETH/USD,867.77
28/02/2018 00:00,ETH/USD,871.33
01/03/2018 00:00,ETH/USD,851.26
02/03/2018 00:00,ETH/USD,869.24
03/03/2018 00:00,ETH/USD,854.5
04/03/2018 00:00,ETH/USD,855.29
05/03/2018 00:00,ETH/USD,866.06
06/03/2018 00:00,ETH/USD,848.13
07/03/2018 00:00,ETH/USD,814.45
08/03/2018 00:00,ETH/USD,749.2
09/03/2018 00:00,ETH/USD,697.3
10/03/2018 00:00,ETH/USD,724.61
11/03/2018 00:00,ETH/USD,679.68
12/03/2018 00:00,ETH/USD,719.86
13/03/2018 00:00,ETH/USD,696.52
14/03/2018 00:00,ETH/USD,688.49
15/03/2018 00:00,ETH/USD,610.91
16/03/2018 00:00,ETH/USD,609.9
17/03/2018 00:00,ETH/USD,598.77
18/03/2018 00:00,ETH/USD,548.82
19/03/2018 00:00,ETH/USD,536.73
20/03/2018 00:00,ETH/USD,554.99
21/03/2018 00:00,ETH/USD,556.38
22/03/2018 00:00,ETH/USD,558.78
23/03/2018 00:00,ETH/USD,539.19
24/03/2018 00:00,ETH/USD,543.85
25/03/2018 00:00,ETH/USD,518.8
26/03/2018 00:00,ETH/USD,522.41
27/03/2018 00:00,ETH/USD,485.2
28/03/2018 00:00,ETH/USD,448.22
29/03/2018 00:00,ETH/USD,445.43
30/03/2018 00:00,ETH/USD,384.11
31/03/2018 00:00,ETH/USD,393.08
01/04/2018 00:00,ETH/USD,393.37
02/04/2018 00:00,ETH/USD,378.67
03/04/2018 00:00,ETH/USD,384.25
04/04/2018 00:00,ETH/USD,415.44
05/04/2018 00:00,ETH/USD,377.99
06/04/2018 00:00,ETH/USD,380.99
07/04/2018 00:00,ETH/USD,369.73
08/04/2018 00:00,ETH/USD,384.16
09/04/2018 00:00,ETH/USD,400.33
10/04/2018 00:00,ETH/USD,398.82
11/04/2018 00:00,ETH/USD,415.12
12/04/2018 00:00,ETH/USD,429.74
13/04/2018 00:00,ETH/USD,493.55
14/04/2018 00:00,ETH/USD,495.93
15/04/2018 00:00,ETH/USD,502.44
16/04/2018 00:00,ETH/USD,534.04
17/04/2018 00:00,ETH/USD,511.29
18/04/2018 00:00,ETH/USD,503.13
19/04/2018 00:00,ETH/USD,525.55
20/04/2018 00:00,ETH/USD,566.92
21/04/2018 00:00,ETH/USD,616.44
22/04/2018 00:00,ETH/USD,604.62
23/04/2018 00:00,ETH/USD,621.11
24/04/2018 00:00,ETH/USD,643.98
25/04/2018 00:00,ETH/USD,702.98
26/04/2018 00:00,ETH/USD,618.09
27/04/2018 00:00,ETH/USD,661
28/04/2018 00:00,ETH/USD,643.49
29/04/2018 00:00,ETH/USD,683.27
30/04/2018 00:00,ETH/USD,689.93
01/05/2018 00:00,ETH/USD,670.33
02/05/2018 00:00,ETH/USD,671.01
03/05/2018 00:00,ETH/USD,688
04/05/2018 00:00,ETH/USD,779.39
05/05/2018 00:00,ETH/USD,785.52
06/05/2018 00:00,ETH/USD,819.69
07/05/2018 00:00,ETH/USD,793.79
08/05/2018 00:00,ETH/USD,752.14
09/05/2018 00:00,ETH/USD,747.94
10/05/2018 00:00,ETH/USD,751.86
11/05/2018 00:00,ETH/USD,723.38
12/05/2018 00:00,ETH/USD,677.99
13/05/2018 00:00,ETH/USD,683.32
14/05/2018 00:00,ETH/USD,728.78
15/05/2018 00:00,ETH/USD,727.41
16/05/2018 00:00,ETH/USD,705.06
17/05/2018 00:00,ETH/USD,706.57
18/05/2018 00:00,ETH/USD,667.84
19/05/2018 00:00,ETH/USD,693.61
20/05/2018 00:00,ETH/USD,695.87
21/05/2018 00:00,ETH/USD,715.5
22/05/2018 00:00,ETH/USD,696.13
23/05/2018 00:00,ETH/USD,640
24/05/2018 00:00,ETH/USD,576.89
25/05/2018 00:00,ETH/USD,602.52
26/05/2018 00:00,ETH/USD,584.42
27/05/2018 00:00,ETH/USD,585.6
28/05/2018 00:00,ETH/USD,569
29/05/2018 00:00,ETH/USD,511.98
30/05/2018 00:00,ETH/USD,566.98
31/05/2018 00:00,ETH/USD,557.01
01/06/2018 00:00,ETH/USD,577
02/06/2018 00:00,ETH/USD,579.24
03/06/2018 00:00,ETH/USD,590.44
04/06/2018 00:00,ETH/USD,619.4
05/06/2018 00:00,ETH/USD,591.09
06/06/2018 00:00,ETH/USD,608.69
07/06/2018 00:00,ETH/USD,606.67
08/06/2018 00:00,ETH/USD,605.39
09/06/2018 00:00,ETH/USD,599.9
10/06/2018 00:00,ETH/USD,593.2
11/06/2018 00:00,ETH/USD,523.55
12/06/2018 00:00,ETH/USD,530.77
13/06/2018 00:00,ETH/USD,494.25
14/06/2018 00:00,ETH/USD,476.15
15/06/2018 00:00,ETH/USD,519.85
16/06/2018 00:00,ETH/USD,487.27
17/06/2018 00:00,ETH/USD,497.02
18/06/2018 00:00,ETH/USD,497.08
19/06/2018 00:00,ETH/USD,517.64
20/06/2018 00:00,ETH/USD,538.47
21/06/2018 00:00,ETH/USD,536.26
22/06/2018 00:00,ETH/USD,526.11
23/06/2018 00:00,ETH/USD,461.77
24/06/2018 00:00,ETH/USD,473.47
25/06/2018 00:00,ETH/USD,455.32
26/06/2018 00:00,ETH/USD,459
27/06/2018 00:00,ETH/USD,429.32
28/06/2018 00:00,ETH/USD,441.65
29/06/2018 00:00,ETH/USD,420.78
30/06/2018 00:00,ETH/USD,435.7
01/07/2018 00:00,ETH/USD,453.85
02/07/2018 00:00,ETH/USD,452.03
03/07/2018 00:00,ETH/USD,476.8
04/07/2018 00:00,ETH/USD,462.01
05/07/2018 00:00,ETH/USD,467.47
06/07/2018 00:00,ETH/USD,467.52
07/07/2018 00:00,ETH/USD,470.37
08/07/2018 00:00,ETH/USD,486.72
09/07/2018 00:00,ETH/USD,486.1
10/07/2018 00:00,ETH/USD,471.55
11/07/2018 00:00,ETH/USD,432.44
12/07/2018 00:00,ETH/USD,445.14
13/07/2018 00:00,ETH/USD,431
14/07/2018 00:00,ETH/USD,432.17
15/07/2018 00:00,ETH/USD,433.5
16/07/2018 00:00,ETH/USD,449.9
17/07/2018 00:00,ETH/USD,479.1
18/07/2018 00:00,ETH/USD,499.11
19/07/2018 00:00,ETH/USD,478.97
20/07/2018 00:00,ETH/USD,468.64
21/07/2018 00:00,ETH/USD,449.13
22/07/2018 00:00,ETH/USD,460.74
23/07/2018 00:00,ETH/USD,457.99
24/07/2018 00:00,ETH/USD,449.6
25/07/2018 00:00,ETH/USD,479.33
26/07/2018 00:00,ETH/USD,471.89
27/07/2018 00:00,ETH/USD,462.3
28/07/2018 00:00,ETH/USD,470.21
29/07/2018 00:00,ETH/USD,469.25
30/07/2018 00:00,ETH/USD,466.47
31/07/2018 00:00,ETH/USD,456.65
01/08/2018 00:00,ETH/USD,431.98
02/08/2018 00:00,ETH/USD,420.03
03/08/2018 00:00,ETH/USD,410.89
04/08/2018 00:00,ETH/USD,417.66
05/08/2018 00:00,ETH/USD,407
06/08/2018 00:00,ETH/USD,408.75
07/08/2018 00:00,ETH/USD,404.95
08/08/2018 00:00,ETH/USD,377.82
09/08/2018 00:00,ETH/USD,355.62
10/08/2018 00:00,ETH/USD,363.27
11/08/2018 00:00,ETH/USD,331.77
12/08/2018 00:00,ETH/USD,317.84
13/08/2018 00:00,ETH/USD,318.16
14/08/2018 00:00,ETH/USD,283.92
15/08/2018 00:00,ETH/USD,278.38
16/08/2018 00:00,ETH/USD,281.27
17/08/2018 00:00,ETH/USD,286.87
18/08/2018 00:00,ETH/USD,317.68
19/08/2018 00:00,ETH/USD,294.3
20/08/2018 00:00,ETH/USD,299.37
21/08/2018 00:00,ETH/USD,270.71
22/08/2018 00:00,ETH/USD,281.25
23/08/2018 00:00,ETH/USD,270.5
24/08/2018 00:00,ETH/USD,275.86
25/08/2018 00:00,ETH/USD,281.28
26/08/2018 00:00,ETH/USD,277.29
27/08/2018 00:00,ETH/USD,274.34
28/08/2018 00:00,ETH/USD,288.17
29/08/2018 00:00,ETH/USD,295.59
30/08/2018 00:00,ETH/USD,288.76
31/08/2018 00:00,ETH/USD,284.11
01/09/2018 00:00,ETH/USD,281.63
02/09/2018 00:00,ETH/USD,295.72
03/09/2018 00:00,ETH/USD,295.23
04/09/2018 00:00,ETH/USD,289.28
05/09/2018 00:00,ETH/USD,285.34
06/09/2018 00:00,ETH/USD,228.39
07/09/2018 00:00,ETH/USD,229.74
08/09/2018 00:00,ETH/USD,215.17
09/09/2018 00:00,ETH/USD,196.7
10/09/2018 00:00,ETH/USD,196.04
11/09/2018 00:00,ETH/USD,197.29
12/09/2018 00:00,ETH/USD,185.21
13/09/2018 00:00,ETH/USD,183.17
14/09/2018 00:00,ETH/USD,211.09
15/09/2018 00:00,ETH/USD,208.49
16/09/2018 00:00,ETH/USD,221.48
17/09/2018 00:00,ETH/USD,220.16
18/09/2018 00:00,ETH/USD,196.03
19/09/2018 00:00,ETH/USD,208.36
20/09/2018 00:00,ETH/USD,209.83
21/09/2018 00:00,ETH/USD,225
22/09/2018 00:00,ETH/USD,247.8
23/09/2018 00:00,ETH/USD,241
24/09/2018 00:00,ETH/USD,244.7
25/09/2018 00:00,ETH/USD,227.85
26/09/2018 00:00,ETH/USD,219.26
27/09/2018 00:00,ETH/USD,214.26
28/09/2018 00:00,ETH/USD,229.26
29/09/2018 00:00,ETH/USD,221.92
30/09/2018 00:00,ETH/USD,231.52
01/10/2018 00:00,ETH/USD,232.86
02/10/2018 00:00,ETH/USD,231.49
03/10/2018 00:00,ETH/USD,225.97
04/10/2018 00:00,ETH/USD,220.74
05/10/2018 00:00,ETH/USD,222.36
06/10/2018 00:00,ETH/USD,228.54
07/10/2018 00:00,ETH/USD,225.31
08/10/2018 00:00,ETH/USD,226.28
09/10/2018 00:00,ETH/USD,230.2
10/10/2018 00:00,ETH/USD,228.58
11/10/2018 00:00,ETH/USD,226.7
12/10/2018 00:00,ETH/USD,191.16
13/10/2018 00:00,ETH/USD,197.02
14/10/2018 00:00,ETH/USD,201.23
15/10/2018 00:00,ETH/USD,196.75
16/10/2018 00:00,ETH/USD,214.31
17/10/2018 00:00,ETH/USD,215.12
18/10/2018 00:00,ETH/USD,212.83
19/10/2018 00:00,ETH/USD,206.08
20/10/2018 00:00,ETH/USD,204.93
21/10/2018 00:00,ETH/USD,208.16
22/10/2018 00:00,ETH/USD,207.29
23/10/2018 00:00,ETH/USD,206.56
24/10/2018 00:00,ETH/USD,205.9
25/10/2018 00:00,ETH/USD,205.23
26/10/2018 00:00,ETH/USD,203.68
27/10/2018 00:00,ETH/USD,205.03
28/10/2018 00:00,ETH/USD,204.23
29/10/2018 00:00,ETH/USD,204.97
30/10/2018 00:00,ETH/USD,196.91
31/10/2018 00:00,ETH/USD,197.33
01/11/2018 00:00,ETH/USD,198.7
02/11/2018 00:00,ETH/USD,199.81
03/11/2018 00:00,ETH/USD,202.22
04/11/2018 00:00,ETH/USD,200.3
05/11/2018 00:00,ETH/USD,212.3
06/11/2018 00:00,ETH/USD,210.83
07/11/2018 00:00,ETH/USD,220.83
08/11/2018 00:00,ETH/USD,218.98
09/11/2018 00:00,ETH/USD,212.7
10/11/2018 00:00,ETH/USD,211.01
11/11/2018 00:00,ETH/USD,213.2
12/11/2018 00:00,ETH/USD,212.99
13/11/2018 00:00,ETH/USD,212.68
14/11/2018 00:00,ETH/USD,209.85
15/11/2018 00:00,ETH/USD,187.21
16/11/2018 00:00,ETH/USD,184.15
17/11/2018 00:00,ETH/USD,176.95
18/11/2018 00:00,ETH/USD,175.9
19/11/2018 00:00,ETH/USD,178.96
20/11/2018 00:00,ETH/USD,150.93
21/11/2018 00:00,ETH/USD,133.85
22/11/2018 00:00,ETH/USD,138.18
23/11/2018 00:00,ETH/USD,126.3
24/11/2018 00:00,ETH/USD,125.24
25/11/2018 00:00,ETH/USD,114.8
26/11/2018 00:00,ETH/USD,118.72
27/11/2018 00:00,ETH/USD,110.75
28/11/2018 00:00,ETH/USD,111.72
29/11/2018 00:00,ETH/USD,124.05
30/11/2018 00:00,ETH/USD,118.51
01/12/2018 00:00,ETH/USD,113.68
02/12/2018 00:00,ETH/USD,119.65
03/12/2018 00:00,ETH/USD,117.12
04/12/2018 00:00,ETH/USD,109.22
05/12/2018 00:00,ETH/USD,110.77
06/12/2018 00:00,ETH/USD,102.66
07/12/2018 00:00,ETH/USD,91.97
08/12/2018 00:00,ETH/USD,94.79
09/12/2018 00:00,ETH/USD,92.98
10/12/2018 00:00,ETH/USD,96.03
11/12/2018 00:00,ETH/USD,92.2
12/12/2018 00:00,ETH/USD,89.14
13/12/2018 00:00,ETH/USD,91.85
14/12/2018 00:00,ETH/USD,87.9
15/12/2018 00:00,ETH/USD,85.2
16/12/2018 00:00,ETH/USD,85.74
17/12/2018 00:00,ETH/USD,86.56
18/12/2018 00:00,ETH/USD,97.25
19/12/2018 00:00,ETH/USD,104.08
20/12/2018 00:00,ETH/USD,102.36
21/12/2018 00:00,ETH/USD,118.47
22/12/2018 00:00,ETH/USD,111.11
23/12/2018 00:00,ETH/USD,120.49
24/12/2018 00:00,ETH/USD,133.76
25/12/2018 00:00,ETH/USD,142.53
26/12/2018 00:00,ETH/USD,132.99
27/12/2018 00:00,ETH/USD,134.58
28/12/2018 00:00,ETH/USD,118.57
29/12/2018 00:00,ETH/USD,142.15
30/12/2018 00:00,ETH/USD,140.33
31/12/2018 00:00,ETH/USD,144.18
01/01/2019 00:00,ETH/USD,136
02/01/2019 00:00,ETH/USD,145
03/01/2019 00:00,ETH/USD,159.36
04/01/2019 00:00,ETH/USD,152.42
05/01/2019 00:00,ETH/USD,158.48
06/01/2019 00:00,ETH/USD,158.32
07/01/2019 00:00,ETH/USD,160.84
08/01/2019 00:00,ETH/USD,154.79
09/01/2019 00:00,ETH/USD,152.86
10/01/2019 00:00,ETH/USD,152.65
11/01/2019 00:00,ETH/USD,129.5
12/01/2019 00:00,ETH/USD,128.73
13/01/2019 00:00,ETH/USD,127.41
14/01/2019 00:00,ETH/USD,117.94
15/01/2019 00:00,ETH/USD,131.45
16/01/2019 00:00,ETH/USD,122.6
17/01/2019 00:00,ETH/USD,124.36
18/01/2019 00:00,ETH/USD,125.25
19/01/2019 00:00,ETH/USD,121.84
20/01/2019 00:00,ETH/USD,126.01
21/01/2019 00:00,ETH/USD,119.1
22/01/2019 00:00,ETH/USD,117.5
23/01/2019 00:00,ETH/USD,120.19
24/01/2019 00:00,ETH/USD,118.76
25/01/2019 00:00,ETH/USD,119.05
26/01/2019 00:00,ETH/USD,117.27
27/01/2019 00:00,ETH/USD,117.27
28/01/2019 00:00,ETH/USD,113.43
29/01/2019 00:00,ETH/USD,107.49
30/01/2019 00:00,ETH/USD,106.3
31/01/2019 00:00,ETH/USD,110.62
01/02/2019 00:00,ETH/USD,108.49
02/02/2019 00:00,ETH/USD,108.94
03/02/2019 00:00,ETH/USD,112.71
04/02/2019 00:00,ETH/USD,108.63
05/02/2019 00:00,ETH/USD,108.46
06/02/2019 00:00,ETH/USD,108.69
07/02/2019 00:00,ETH/USD,106.05
08/02/2019 00:00,ETH/USD,105.81
09/02/2019 00:00,ETH/USD,121.21
10/02/2019 00:00,ETH/USD,121.01
11/02/2019 00:00,ETH/USD,127.37
12/02/2019 00:00,ETH/USD,122.68
13/02/2019 00:00,ETH/USD,124.75
14/02/2019 00:00,ETH/USD,123.85
15/02/2019 00:00,ETH/USD,122.55
16/02/2019 00:00,ETH/USD,123.75
17/02/2019 00:00,ETH/USD,124.68
18/02/2019 00:00,ETH/USD,136.15
19/02/2019 00:00,ETH/USD,148.87
20/02/2019 00:00,ETH/USD,146.61
21/02/2019 00:00,ETH/USD,151.41
22/02/2019 00:00,ETH/USD,148.3
23/02/2019 00:00,ETH/USD,151.27
24/02/2019 00:00,ETH/USD,161.54
25/02/2019 00:00,ETH/USD,135.22
26/02/2019 00:00,ETH/USD,141.21
27/02/2019 00:00,ETH/USD,139.37
28/02/2019 00:00,ETH/USD,137.71
01/03/2019 00:00,ETH/USD,138.17
02/03/2019 00:00,ETH/USD,138.5
03/03/2019 00:00,ETH/USD,135.6
04/03/2019 00:00,ETH/USD,133.23
05/03/2019 00:00,ETH/USD,128.39
06/03/2019 00:00,ETH/USD,140
07/03/2019 00:00,ETH/USD,140.57
08/03/2019 00:00,ETH/USD,140.04
09/03/2019 00:00,ETH/USD,136.18
10/03/2019 00:00,ETH/USD,140.04
11/03/2019 00:00,ETH/USD,138.2
12/03/2019 00:00,ETH/USD,135.41
13/03/2019 00:00,ETH/USD,136.27
14/03/2019 00:00,ETH/USD,134.52
15/03/2019 00:00,ETH/USD,134.72
16/03/2019 00:00,ETH/USD,139.15
17/03/2019 00:00,ETH/USD,143.79
18/03/2019 00:00,ETH/USD,141.71
19/03/2019 00:00,ETH/USD,140.6
20/03/2019 00:00,ETH/USD,141.64
21/03/2019 00:00,ETH/USD,142.17
22/03/2019 00:00,ETH/USD,136.99
23/03/2019 00:00,ETH/USD,138
24/03/2019 00:00,ETH/USD,139.28
25/03/2019 00:00,ETH/USD,137.81
26/03/2019 00:00,ETH/USD,135.14
27/03/2019 00:00,ETH/USD,135.4
28/03/2019 00:00,ETH/USD,141.71
29/03/2019 00:00,ETH/USD,140.26
30/03/2019 00:00,ETH/USD,146.2
31/03/2019 00:00,ETH/USD,144.65
01/04/2019 00:00,ETH/USD,143.78
02/04/2019 00:00,ETH/USD,143.2
03/04/2019 00:00,ETH/USD,165.5
04/04/2019 00:00,ETH/USD,161.17
05/04/2019 00:00,ETH/USD,158.66
06/04/2019 00:00,ETH/USD,167.07
07/04/2019 00:00,ETH/USD,167.08
08/04/2019 00:00,ETH/USD,176.62
09/04/2019 00:00,ETH/USD,181.46
10/04/2019 00:00,ETH/USD,176.8
11/04/2019 00:00,ETH/USD,177.2
12/04/2019 00:00,ETH/USD,165.6
13/04/2019 00:00,ETH/USD,165.3
14/04/2019 00:00,ETH/USD,165.2
15/04/2019 00:00,ETH/USD,169.08
16/04/2019 00:00,ETH/USD,160.33
17/04/2019 00:00,ETH/USD,167.44
18/04/2019 00:00,ETH/USD,167.5
19/04/2019 00:00,ETH/USD,175.13
20/04/2019 00:00,ETH/USD,174.6
21/04/2019 00:00,ETH/USD,174.27
22/04/2019 00:00,ETH/USD,170.6
23/04/2019 00:00,ETH/USD,172.27
24/04/2019 00:00,ETH/USD,170.81
25/04/2019 00:00,ETH/USD,166.7
26/04/2019 00:00,ETH/USD,154.55
27/04/2019 00:00,ETH/USD,160.95
28/04/2019 00:00,ETH/USD,162.79
29/04/2019 00:00,ETH/USD,163.13
30/04/2019 00:00,ETH/USD,162.35
01/05/2019 00:00,ETH/USD,170.5
02/05/2019 00:00,ETH/USD,167.67
03/05/2019 00:00,ETH/USD,169.25
04/05/2019 00:00,ETH/USD,175.29
05/05/2019 00:00,ETH/USD,170.95
06/05/2019 00:00,ETH/USD,171.01
07/05/2019 00:00,ETH/USD,181.6
08/05/2019 00:00,ETH/USD,176.45
09/05/2019 00:00,ETH/USD,177.09
10/05/2019 00:00,ETH/USD,173.42
11/05/2019 00:00,ETH/USD,174.26
12/05/2019 00:00,ETH/USD,190.47
13/05/2019 00:00,ETH/USD,188.25
14/05/2019 00:00,ETH/USD,194.85
15/05/2019 00:00,ETH/USD,216.5
16/05/2019 00:00,ETH/USD,246.78
17/05/2019 00:00,ETH/USD,263.99
18/05/2019 00:00,ETH/USD,246.29
19/05/2019 00:00,ETH/USD,233.52
20/05/2019 00:00,ETH/USD,260.29
21/05/2019 00:00,ETH/USD,251.55
22/05/2019 00:00,ETH/USD,254.39
23/05/2019 00:00,ETH/USD,243.59
24/05/2019 00:00,ETH/USD,245.43
25/05/2019 00:00,ETH/USD,249.58
26/05/2019 00:00,ETH/USD,250.95
27/05/2019 00:00,ETH/USD,268.5
28/05/2019 00:00,ETH/USD,272.55
29/05/2019 00:00,ETH/USD,272.12
30/05/2019 00:00,ETH/USD,270.25
31/05/2019 00:00,ETH/USD,254.31
01/06/2019 00:00,ETH/USD,267.13
02/06/2019 00:00,ETH/USD,264.37
03/06/2019 00:00,ETH/USD,269.4
04/06/2019 00:00,ETH/USD,249.38
05/06/2019 00:00,ETH/USD,241.44
06/06/2019 00:00,ETH/USD,246.26
07/06/2019 00:00,ETH/USD,250
08/06/2019 00:00,ETH/USD,249.69
09/06/2019 00:00,ETH/USD,244.36
10/06/2019 00:00,ETH/USD,231.3
11/06/2019 00:00,ETH/USD,248.11
12/06/2019 00:00,ETH/USD,245.1
13/06/2019 00:00,ETH/USD,262.75
14/06/2019 00:00,ETH/USD,254.61
15/06/2019 00:00,ETH/USD,263.69
16/06/2019 00:00,ETH/USD,269.12
17/06/2019 00:00,ETH/USD,268.63
18/06/2019 00:00,ETH/USD,274
19/06/2019 00:00,ETH/USD,264.87
20/06/2019 00:00,ETH/USD,269.52
21/06/2019 00:00,ETH/USD,272.82
22/06/2019 00:00,ETH/USD,295.83
23/06/2019 00:00,ETH/USD,311.25
24/06/2019 00:00,ETH/USD,308.56
25/06/2019 00:00,ETH/USD,311.7
26/06/2019 00:00,ETH/USD,316.49
27/06/2019 00:00,ETH/USD,332
28/06/2019 00:00,ETH/USD,294.86
29/06/2019 00:00,ETH/USD,308.87
30/06/2019 00:00,ETH/USD,317.42
01/07/2019 00:00,ETH/USD,290.8
02/07/2019 00:00,ETH/USD,295.5
03/07/2019 00:00,ETH/USD,292.94
04/07/2019 00:00,ETH/USD,302.22
05/07/2019 00:00,ETH/USD,283.19
06/07/2019 00:00,ETH/USD,287.95
07/07/2019 00:00,ETH/USD,288.61
08/07/2019 00:00,ETH/USD,306.54
09/07/2019 00:00,ETH/USD,313.39
10/07/2019 00:00,ETH/USD,307.85
11/07/2019 00:00,ETH/USD,288.71
12/07/2019 00:00,ETH/USD,268.38
13/07/2019 00:00,ETH/USD,274.73
14/07/2019 00:00,ETH/USD,268.07
15/07/2019 00:00,ETH/USD,226.19
16/07/2019 00:00,ETH/USD,227.71
17/07/2019 00:00,ETH/USD,198.57
18/07/2019 00:00,ETH/USD,211.06
19/07/2019 00:00,ETH/USD,225.74
20/07/2019 00:00,ETH/USD,221.16
21/07/2019 00:00,ETH/USD,228.44
22/07/2019 00:00,ETH/USD,225.04
23/07/2019 00:00,ETH/USD,217.38
24/07/2019 00:00,ETH/USD,212.34
25/07/2019 00:00,ETH/USD,216.71
26/07/2019 00:00,ETH/USD,219.44
27/07/2019 00:00,ETH/USD,219.06
28/07/2019 00:00,ETH/USD,207.07
29/07/2019 00:00,ETH/USD,210.92
30/07/2019 00:00,ETH/USD,210.81
31/07/2019 00:00,ETH/USD,209.74
01/08/2019 00:00,ETH/USD,218.76
02/08/2019 00:00,ETH/USD,217.56
03/08/2019 00:00,ETH/USD,217.56
04/08/2019 00:00,ETH/USD,222
05/08/2019 00:00,ETH/USD,222.41
06/08/2019 00:00,ETH/USD,233.62
07/08/2019 00:00,ETH/USD,226
08/08/2019 00:00,ETH/USD,226.35
09/08/2019 00:00,ETH/USD,222.04
10/08/2019 00:00,ETH/USD,210.76
11/08/2019 00:00,ETH/USD,206.57
12/08/2019 00:00,ETH/USD,217
13/08/2019 00:00,ETH/USD,211.61
14/08/2019 00:00,ETH/USD,209.25
15/08/2019 00:00,ETH/USD,187.28
16/08/2019 00:00,ETH/USD,188.43
17/08/2019 00:00,ETH/USD,185.61
18/08/2019 00:00,ETH/USD,185.81
19/08/2019 00:00,ETH/USD,194.9
20/08/2019 00:00,ETH/USD,202.66
21/08/2019 00:00,ETH/USD,196.67
22/08/2019 00:00,ETH/USD,187.51
23/08/2019 00:00,ETH/USD,190.69
24/08/2019 00:00,ETH/USD,194.77
25/08/2019 00:00,ETH/USD,191.04
26/08/2019 00:00,ETH/USD,186.31
27/08/2019 00:00,ETH/USD,188.73
28/08/2019 00:00,ETH/USD,187.28
29/08/2019 00:00,ETH/USD,173.21
30/08/2019 00:00,ETH/USD,169.15
31/08/2019 00:00,ETH/USD,168.63
01/09/2019 00:00,ETH/USD,172.13
02/09/2019 00:00,ETH/USD,171.25
03/09/2019 00:00,ETH/USD,178.7
04/09/2019 00:00,ETH/USD,179.39
05/09/2019 00:00,ETH/USD,175.1
06/09/2019 00:00,ETH/USD,174.03
07/09/2019 00:00,ETH/USD,169.35
08/09/2019 00:00,ETH/USD,178.41
09/09/2019 00:00,ETH/USD,181.96
10/09/2019 00:00,ETH/USD,180.8
11/09/2019 00:00,ETH/USD,180.24
12/09/2019 00:00,ETH/USD,178.55
13/09/2019 00:00,ETH/USD,181.35
14/09/2019 00:00,ETH/USD,181.65
15/09/2019 00:00,ETH/USD,189.05
16/09/2019 00:00,ETH/USD,189.64
17/09/2019 00:00,ETH/USD,198.29
18/09/2019 00:00,ETH/USD,208.41
19/09/2019 00:00,ETH/USD,210.9
20/09/2019 00:00,ETH/USD,221.47
21/09/2019 00:00,ETH/USD,218.71
22/09/2019 00:00,ETH/USD,215.56
23/09/2019 00:00,ETH/USD,211.26
24/09/2019 00:00,ETH/USD,201.29
25/09/2019 00:00,ETH/USD,166.54
26/09/2019 00:00,ETH/USD,170.67
27/09/2019 00:00,ETH/USD,166.77
28/09/2019 00:00,ETH/USD,174.61
29/09/2019 00:00,ETH/USD,174.41
30/09/2019 00:00,ETH/USD,169.87
01/10/2019 00:00,ETH/USD,181.94
02/10/2019 00:00,ETH/USD,176.41
03/10/2019 00:00,ETH/USD,181.24
04/10/2019 00:00,ETH/USD,175.36
05/10/2019 00:00,ETH/USD,176.19
06/10/2019 00:00,ETH/USD,176.93
07/10/2019 00:00,ETH/USD,170.56
08/10/2019 00:00,ETH/USD,180.66
09/10/2019 00:00,ETH/USD,181.5
10/10/2019 00:00,ETH/USD,193.51
11/10/2019 00:00,ETH/USD,192.06
12/10/2019 00:00,ETH/USD,181.09
13/10/2019 00:00,ETH/USD,180.16
14/10/2019 00:00,ETH/USD,181.57
15/10/2019 00:00,ETH/USD,187.21
16/10/2019 00:00,ETH/USD,181.02
17/10/2019 00:00,ETH/USD,175
18/10/2019 00:00,ETH/USD,177.49
19/10/2019 00:00,ETH/USD,173.64
20/10/2019 00:00,ETH/USD,172.59
21/10/2019 00:00,ETH/USD,176.11
22/10/2019 00:00,ETH/USD,175.02
23/10/2019 00:00,ETH/USD,171.82
24/10/2019 00:00,ETH/USD,162.94
25/10/2019 00:00,ETH/USD,161.18
26/10/2019 00:00,ETH/USD,181.95
27/10/2019 00:00,ETH/USD,180.42
28/10/2019 00:00,ETH/USD,184.58
29/10/2019 00:00,ETH/USD,182.25
30/10/2019 00:00,ETH/USD,191.29
31/10/2019 00:00,ETH/USD,183.82
01/11/2019 00:00,ETH/USD,183.02
02/11/2019 00:00,ETH/USD,183.98
03/11/2019 00:00,ETH/USD,183.92
04/11/2019 00:00,ETH/USD,182.19
05/11/2019 00:00,ETH/USD,187
06/11/2019 00:00,ETH/USD,189.44
07/11/2019 00:00,ETH/USD,191.51
08/11/2019 00:00,ETH/USD,186.67
09/11/2019 00:00,ETH/USD,184
10/11/2019 00:00,ETH/USD,185
11/11/2019 00:00,ETH/USD,189.68
12/11/2019 00:00,ETH/USD,185.1
13/11/2019 00:00,ETH/USD,187.16
14/11/2019 00:00,ETH/USD,188.69
15/11/2019 00:00,ETH/USD,185.06
16/11/2019 00:00,ETH/USD,180.23
17/11/2019 00:00,ETH/USD,182.97
18/11/2019 00:00,ETH/USD,184.53
19/11/2019 00:00,ETH/USD,178.61
20/11/2019 00:00,ETH/USD,176.46
21/11/2019 00:00,ETH/USD,175.27
22/11/2019 00:00,ETH/USD,162.03
23/11/2019 00:00,ETH/USD,150.55
24/11/2019 00:00,ETH/USD,152.77
25/11/2019 00:00,ETH/USD,141.18
26/11/2019 00:00,ETH/USD,146.58
27/11/2019 00:00,ETH/USD,148.35
28/11/2019 00:00,ETH/USD,153.27
29/11/2019 00:00,ETH/USD,151.4
30/11/2019 00:00,ETH/USD,155.53
01/12/2019 00:00,ETH/USD,152.53
02/12/2019 00:00,ETH/USD,151.84
03/12/2019 00:00,ETH/USD,149.77
04/12/2019 00:00,ETH/USD,148.17
05/12/2019 00:00,ETH/USD,146.31
06/12/2019 00:00,ETH/USD,149.05
07/12/2019 00:00,ETH/USD,149.69
08/12/2019 00:00,ETH/USD,148.15
09/12/2019 00:00,ETH/USD,151.41
10/12/2019 00:00,ETH/USD,148.08
11/12/2019 00:00,ETH/USD,146.36
12/12/2019 00:00,ETH/USD,143.91
13/12/2019 00:00,ETH/USD,145.5
14/12/2019 00:00,ETH/USD,145.38
15/12/2019 00:00,ETH/USD,142.56
16/12/2019 00:00,ETH/USD,143.11
17/12/2019 00:00,ETH/USD,133.34
18/12/2019 00:00,ETH/USD,122.81
19/12/2019 00:00,ETH/USD,133.5
20/12/2019 00:00,ETH/USD,128.68
21/12/2019 00:00,ETH/USD,128.9
22/12/2019 00:00,ETH/USD,127.5
23/12/2019 00:00,ETH/USD,132.77
24/12/2019 00:00,ETH/USD,128.22
25/12/2019 00:00,ETH/USD,128.04
26/12/2019 00:00,ETH/USD,125.32
27/12/2019 00:00,ETH/USD,126.15
28/12/2019 00:00,ETH/USD,126.92
29/12/2019 00:00,ETH/USD,128.49
30/12/2019 00:00,ETH/USD,134.9
31/12/2019 00:00,ETH/USD,131.83
01/01/2020 00:00,ETH/USD,129.45
02/01/2020 00:00,ETH/USD,130.94
03/01/2020 00:00,ETH/USD,127.56
04/01/2020 00:00,ETH/USD,134.83
05/01/2020 00:00,ETH/USD,134.55
06/01/2020 00:00,ETH/USD,135.6
07/01/2020 00:00,ETH/USD,144.18
08/01/2020 00:00,ETH/USD,143.09
09/01/2020 00:00,ETH/USD,140.5
10/01/2020 00:00,ETH/USD,137.72
11/01/2020 00:00,ETH/USD,144.57
12/01/2020 00:00,ETH/USD,142.41
13/01/2020 00:00,ETH/USD,146.34
14/01/2020 00:00,ETH/USD,143.47
15/01/2020 00:00,ETH/USD,164.98
16/01/2020 00:00,ETH/USD,166.05
17/01/2020 00:00,ETH/USD,164.03
18/01/2020 00:00,ETH/USD,169.22
19/01/2020 00:00,ETH/USD,173.58
20/01/2020 00:00,ETH/USD,166.8
21/01/2020 00:00,ETH/USD,166.86
22/01/2020 00:00,ETH/USD,169.33
23/01/2020 00:00,ETH/USD,167.7
24/01/2020 00:00,ETH/USD,162.92
25/01/2020 00:00,ETH/USD,162.71
26/01/2020 00:00,ETH/USD,160.47
27/01/2020 00:00,ETH/USD,168.16
28/01/2020 00:00,ETH/USD,170.14
29/01/2020 00:00,ETH/USD,175.99
30/01/2020 00:00,ETH/USD,173.82
31/01/2020 00:00,ETH/USD,184.62
01/02/2020 00:00,ETH/USD,180.19
02/02/2020 00:00,ETH/USD,184.07
03/02/2020 00:00,ETH/USD,188.69
04/02/2020 00:00,ETH/USD,190.41
05/02/2020 00:00,ETH/USD,189.06
06/02/2020 00:00,ETH/USD,203.79
07/02/2020 00:00,ETH/USD,212.59
08/02/2020 00:00,ETH/USD,223.11
09/02/2020 00:00,ETH/USD,222.69
10/02/2020 00:00,ETH/USD,228.23
11/02/2020 00:00,ETH/USD,223.14
12/02/2020 00:00,ETH/USD,237.24
13/02/2020 00:00,ETH/USD,265.49
14/02/2020 00:00,ETH/USD,268.3
15/02/2020 00:00,ETH/USD,284.98
16/02/2020 00:00,ETH/USD,264.96
17/02/2020 00:00,ETH/USD,258.92
18/02/2020 00:00,ETH/USD,268.16
19/02/2020 00:00,ETH/USD,283
20/02/2020 00:00,ETH/USD,258.56
21/02/2020 00:00,ETH/USD,257.67
22/02/2020 00:00,ETH/USD,265.5
23/02/2020 00:00,ETH/USD,262.14
24/02/2020 00:00,ETH/USD,275.59
25/02/2020 00:00,ETH/USD,266.11
26/02/2020 00:00,ETH/USD,247.36
27/02/2020 00:00,ETH/USD,224.11
28/02/2020 00:00,ETH/USD,227.41
29/02/2020 00:00,ETH/USD,227.82
01/03/2020 00:00,ETH/USD,218.16
02/03/2020 00:00,ETH/USD,218.57
03/03/2020 00:00,ETH/USD,232.52
04/03/2020 00:00,ETH/USD,224.41
05/03/2020 00:00,ETH/USD,225.1
06/03/2020 00:00,ETH/USD,229.4
07/03/2020 00:00,ETH/USD,246.09
08/03/2020 00:00,ETH/USD,238.11
09/03/2020 00:00,ETH/USD,200.2
10/03/2020 00:00,ETH/USD,203.72
11/03/2020 00:00,ETH/USD,201.04
12/03/2020 00:00,ETH/USD,195.6
13/03/2020 00:00,ETH/USD,109.5
14/03/2020 00:00,ETH/USD,135.22
15/03/2020 00:00,ETH/USD,123.38
16/03/2020 00:00,ETH/USD,124.25
17/03/2020 00:00,ETH/USD,111.76
18/03/2020 00:00,ETH/USD,116.3
19/03/2020 00:00,ETH/USD,118.67
20/03/2020 00:00,ETH/USD,136.5
21/03/2020 00:00,ETH/USD,133.51
22/03/2020 00:00,ETH/USD,132.75
23/03/2020 00:00,ETH/USD,122.3
24/03/2020 00:00,ETH/USD,136.48
25/03/2020 00:00,ETH/USD,138.84
26/03/2020 00:00,ETH/USD,136.16
27/03/2020 00:00,ETH/USD,138.76
28/03/2020 00:00,ETH/USD,131.23
29/03/2020 00:00,ETH/USD,131.24
30/03/2020 00:00,ETH/USD,124.76
31/03/2020 00:00,ETH/USD,132.25
01/04/2020 00:00,ETH/USD,133.2
02/04/2020 00:00,ETH/USD,136.45
03/04/2020 00:00,ETH/USD,141.8
04/04/2020 00:00,ETH/USD,141.58
05/04/2020 00:00,ETH/USD,144.62
06/04/2020 00:00,ETH/USD,142.98
07/04/2020 00:00,ETH/USD,171.38
08/04/2020 00:00,ETH/USD,164.9
09/04/2020 00:00,ETH/USD,173.16
10/04/2020 00:00,ETH/USD,170
11/04/2020 00:00,ETH/USD,158.11
12/04/2020 00:00,ETH/USD,158.69
13/04/2020 00:00,ETH/USD,159.04
14/04/2020 00:00,ETH/USD,156.64
15/04/2020 00:00,ETH/USD,158.55
16/04/2020 00:00,ETH/USD,153.01
17/04/2020 00:00,ETH/USD,172.5
18/04/2020 00:00,ETH/USD,171.27
19/04/2020 00:00,ETH/USD,187.87
20/04/2020 00:00,ETH/USD,180.59
21/04/2020 00:00,ETH/USD,170.58
22/04/2020 00:00,ETH/USD,170.79
23/04/2020 00:00,ETH/USD,183
24/04/2020 00:00,ETH/USD,185.84
25/04/2020 00:00,ETH/USD,187.68
26/04/2020 00:00,ETH/USD,194.27
27/04/2020 00:00,ETH/USD,197.5
28/04/2020 00:00,ETH/USD,196.63
29/04/2020 00:00,ETH/USD,196.63
30/04/2020 00:00,ETH/USD,215.3
01/05/2020 00:00,ETH/USD,206.39
02/05/2020 00:00,ETH/USD,211.7
03/05/2020 00:00,ETH/USD,214.12
04/05/2020 00:00,ETH/USD,209.91
05/05/2020 00:00,ETH/USD,206.73
06/05/2020 00:00,ETH/USD,205.4
07/05/2020 00:00,ETH/USD,198.96
08/05/2020 00:00,ETH/USD,212.19
09/05/2020 00:00,ETH/USD,211.34
10/05/2020 00:00,ETH/USD,209.94
11/05/2020 00:00,ETH/USD,187.71
12/05/2020 00:00,ETH/USD,185.6
13/05/2020 00:00,ETH/USD,189.77
14/05/2020 00:00,ETH/USD,199.84
15/05/2020 00:00,ETH/USD,203.23
16/05/2020 00:00,ETH/USD,194.6
17/05/2020 00:00,ETH/USD,200.46
18/05/2020 00:00,ETH/USD,206.9
19/05/2020 00:00,ETH/USD,214.56
20/05/2020 00:00,ETH/USD,214.49
21/05/2020 00:00,ETH/USD,209.63
22/05/2020 00:00,ETH/USD,198.54
23/05/2020 00:00,ETH/USD,207.5
24/05/2020 00:00,ETH/USD,206.81
25/05/2020 00:00,ETH/USD,199.51
26/05/2020 00:00,ETH/USD,204.07
27/05/2020 00:00,ETH/USD,201.23
28/05/2020 00:00,ETH/USD,208.6
29/05/2020 00:00,ETH/USD,220.65
30/05/2020 00:00,ETH/USD,220.55
31/05/2020 00:00,ETH/USD,243.58
01/06/2020 00:00,ETH/USD,231.64
02/06/2020 00:00,ETH/USD,248.82
03/06/2020 00:00,ETH/USD,237.61
04/06/2020 00:00,ETH/USD,244.75
05/06/2020 00:00,ETH/USD,243.48
06/06/2020 00:00,ETH/USD,240.02
07/06/2020 00:00,ETH/USD,242.18
08/06/2020 00:00,ETH/USD,244.73
09/06/2020 00:00,ETH/USD,246.6
10/06/2020 00:00,ETH/USD,243.88
11/06/2020 00:00,ETH/USD,248.21
12/06/2020 00:00,ETH/USD,230.41
13/06/2020 00:00,ETH/USD,237.65
14/06/2020 00:00,ETH/USD,238.48
15/06/2020 00:00,ETH/USD,231.9
16/06/2020 00:00,ETH/USD,231.13
17/06/2020 00:00,ETH/USD,235.62
18/06/2020 00:00,ETH/USD,234.2
19/06/2020 00:00,ETH/USD,231.69
20/06/2020 00:00,ETH/USD,229.09
21/06/2020 00:00,ETH/USD,229.23
22/06/2020 00:00,ETH/USD,227.8
23/06/2020 00:00,ETH/USD,243.41
24/06/2020 00:00,ETH/USD,243.49
25/06/2020 00:00,ETH/USD,234.68
26/06/2020 00:00,ETH/USD,232.69
27/06/2020 00:00,ETH/USD,229.82
28/06/2020 00:00,ETH/USD,221.13
29/06/2020 00:00,ETH/USD,225.12
30/06/2020 00:00,ETH/USD,228.05
01/07/2020 00:00,ETH/USD,225.88
02/07/2020 00:00,ETH/USD,231.31
03/07/2020 00:00,ETH/USD,226.57
04/07/2020 00:00,ETH/USD,225.33
05/07/2020 00:00,ETH/USD,229.6
06/07/2020 00:00,ETH/USD,227.94
07/07/2020 00:00,ETH/USD,242.13
08/07/2020 00:00,ETH/USD,239.63
09/07/2020 00:00,ETH/USD,247.35
10/07/2020 00:00,ETH/USD,242.4
11/07/2020 00:00,ETH/USD,241.55
12/07/2020 00:00,ETH/USD,239.47
13/07/2020 00:00,ETH/USD,243.08
14/07/2020 00:00,ETH/USD,239.9
15/07/2020 00:00,ETH/USD,240.56
16/07/2020 00:00,ETH/USD,238.94
17/07/2020 00:00,ETH/USD,233.96
18/07/2020 00:00,ETH/USD,233.18
19/07/2020 00:00,ETH/USD,236.1248534
20/07/2020 00:00,ETH/USD,239.67
21/07/2020 00:00,ETH/USD,236.45
22/07/2020 00:00,ETH/USD,246.04
23/07/2020 00:00,ETH/USD,264.7
24/07/2020 00:00,ETH/USD,275.5820013
25/07/2020 00:00,ETH/USD,279.91
26/07/2020 00:00,ETH/USD,305.73
27/07/2020 00:00,ETH/USD,311.5091808
28/07/2020 00:00,ETH/USD,322.4
29/07/2020 00:00,ETH/USD,317.46
30/07/2020 00:00,ETH/USD,318.46
31/07/2020 00:00,ETH/USD,335.36
01/08/2020 00:00,ETH/USD,346.8149548
02/08/2020 00:00,ETH/USD,387.03
03/08/2020 00:00,ETH/USD,372.0604176
04/08/2020 00:00,ETH/USD,385.77
05/08/2020 00:00,ETH/USD,389.63
06/08/2020 00:00,ETH/USD,400.73
07/08/2020 00:00,ETH/USD,394.7
08/08/2020 00:00,ETH/USD,378.86
09/08/2020 00:00,ETH/USD,396.83
10/08/2020 00:00,ETH/USD,390.19
11/08/2020 00:00,ETH/USD,395.86
12/08/2020 00:00,ETH/USD,378.58
13/08/2020 00:00,ETH/USD,388.4
14/08/2020 00:00,ETH/USD,425.2404852
15/08/2020 00:00,ETH/USD,438.29
16/08/2020 00:00,ETH/USD,433.18
17/08/2020 00:00,ETH/USD,434.55
18/08/2020 00:00,ETH/USD,431.6139532
19/08/2020 00:00,ETH/USD,422.1933352
20/08/2020 00:00,ETH/USD,408.46
21/08/2020 00:00,ETH/USD,416.58
22/08/2020 00:00,ETH/USD,387.84
23/08/2020 00:00,ETH/USD,395.82
24/08/2020 00:00,ETH/USD,391.1
25/08/2020 00:00,ETH/USD,408.22
26/08/2020 00:00,ETH/USD,383.61
27/08/2020 00:00,ETH/USD,386.27
28/08/2020 00:00,ETH/USD,383.7
29/08/2020 00:00,ETH/USD,395.73
30/08/2020 00:00,ETH/USD,399.31
31/08/2020 00:00,ETH/USD,429.55
01/09/2020 00:00,ETH/USD,434.4836243
02/09/2020 00:00,ETH/USD,476.0381305
03/09/2020 00:00,ETH/USD,440.0466828
04/09/2020 00:00,ETH/USD,382.06
05/09/2020 00:00,ETH/USD,386.36
06/09/2020 00:00,ETH/USD,335.9983198
07/09/2020 00:00,ETH/USD,353.52
08/09/2020 00:00,ETH/USD,354.34
09/09/2020 00:00,ETH/USD,338
10/09/2020 00:00,ETH/USD,351.6
11/09/2020 00:00,ETH/USD,368.38
12/09/2020 00:00,ETH/USD,374.14
13/09/2020 00:00,ETH/USD,388.1
14/09/2020 00:00,ETH/USD,366.2408141
15/09/2020 00:00,ETH/USD,377.43
16/09/2020 00:00,ETH/USD,364.4033788
17/09/2020 00:00,ETH/USD,365.7146369
18/09/2020 00:00,ETH/USD,390
19/09/2020 00:00,ETH/USD,384.9920738
20/09/2020 00:00,ETH/USD,386.16
21/09/2020 00:00,ETH/USD,371.62
22/09/2020 00:00,ETH/USD,341
23/09/2020 00:00,ETH/USD,344.72
24/09/2020 00:00,ETH/USD,321.3700735
25/09/2020 00:00,ETH/USD,349.47
26/09/2020 00:00,ETH/USD,352.6156549
27/09/2020 00:00,ETH/USD,354.9120999
28/09/2020 00:00,ETH/USD,358.56
29/09/2020 00:00,ETH/USD,354.5493818
30/09/2020 00:00,ETH/USD,360.6699817
01/10/2020 00:00,ETH/USD,360.4529963
02/10/2020 00:00,ETH/USD,353.29
03/10/2020 00:00,ETH/USD,346.24
04/10/2020 00:00,ETH/USD,346.42
05/10/2020 00:00,ETH/USD,352.97
06/10/2020 00:00,ETH/USD,354.26
07/10/2020 00:00,ETH/USD,341.085816
08/10/2020 00:00,ETH/USD,342.31
09/10/2020 00:00,ETH/USD,351.7347877
10/10/2020 00:00,ETH/USD,365.71
11/10/2020 00:00,ETH/USD,371.15
12/10/2020 00:00,ETH/USD,374.65
13/10/2020 00:00,ETH/USD,387.39
14/10/2020 00:00,ETH/USD,381.74
15/10/2020 00:00,ETH/USD,379.3715145
16/10/2020 00:00,ETH/USD,377.9
17/10/2020 00:00,ETH/USD,365.82
18/10/2020 00:00,ETH/USD,368.68
19/10/2020 00:00,ETH/USD,378.75
20/10/2020 00:00,ETH/USD,379.6304694
21/10/2020 00:00,ETH/USD,368.79
22/10/2020 00:00,ETH/USD,391.28
23/10/2020 00:00,ETH/USD,414.3
24/10/2020 00:00,ETH/USD,409.5835967
25/10/2020 00:00,ETH/USD,412.54
26/10/2020 00:00,ETH/USD,405.97
27/10/2020 00:00,ETH/USD,392.8099606
28/10/2020 00:00,ETH/USD,403.22
29/10/2020 00:00,ETH/USD,388.472369
30/10/2020 00:00,ETH/USD,386.9
31/10/2020 00:00,ETH/USD,382.9053919
01/11/2020 00:00,ETH/USD,386.3265869
02/11/2020 00:00,ETH/USD,396.66
03/11/2020 00:00,ETH/USD,383.35
04/11/2020 00:00,ETH/USD,388.1735308
05/11/2020 00:00,ETH/USD,402.78
06/11/2020 00:00,ETH/USD,416.32
07/11/2020 00:00,ETH/USD,455.65
08/11/2020 00:00,ETH/USD,435.9550731
09/11/2020 00:00,ETH/USD,455.09
10/11/2020 00:00,ETH/USD,444.54
11/11/2020 00:00,ETH/USD,450.59
12/11/2020 00:00,ETH/USD,463.81
13/11/2020 00:00,ETH/USD,462.45
14/11/2020 00:00,ETH/USD,476.3
15/11/2020 00:00,ETH/USD,460.54
16/11/2020 00:00,ETH/USD,448.4172094
17/11/2020 00:00,ETH/USD,460.66
18/11/2020 00:00,ETH/USD,482.5168076
19/11/2020 00:00,ETH/USD,478.450469
20/11/2020 00:00,ETH/USD,471.44
21/11/2020 00:00,ETH/USD,510.3
22/11/2020 00:00,ETH/USD,551.42
23/11/2020 00:00,ETH/USD,558
24/11/2020 00:00,ETH/USD,608.42
25/11/2020 00:00,ETH/USD,604.18
26/11/2020 00:00,ETH/USD,569.63
27/11/2020 00:00,ETH/USD,521.53
28/11/2020 00:00,ETH/USD,519.55
29/11/2020 00:00,ETH/USD,538.09
30/11/2020 00:00,ETH/USD,576.37
01/12/2020 00:00,ETH/USD,616
02/12/2020 00:00,ETH/USD,587.03
03/12/2020 00:00,ETH/USD,597.88
04/12/2020 00:00,ETH/USD,616.41
05/12/2020 00:00,ETH/USD,567.6
06/12/2020 00:00,ETH/USD,597.55
07/12/2020 00:00,ETH/USD,602.69
08/12/2020 00:00,ETH/USD,592.02
09/12/2020 00:00,ETH/USD,555
10/12/2020 00:00,ETH/USD,573.47
11/12/2020 00:00,ETH/USD,559.17
12/12/2020 00:00,ETH/USD,544.85
13/12/2020 00:00,ETH/USD,568.3
14/12/2020 00:00,ETH/USD,591.18
15/12/2020 00:00,ETH/USD,586.51
16/12/2020 00:00,ETH/USD,589.65
17/12/2020 00:00,ETH/USD,636.45
18/12/2020 00:00,ETH/USD,642.1
19/12/2020 00:00,ETH/USD,654.41
20/12/2020 00:00,ETH/USD,657.91
21/12/2020 00:00,ETH/USD,637.4547275
22/12/2020 00:00,ETH/USD,607.4
23/12/2020 00:00,ETH/USD,636.18
24/12/2020 00:00,ETH/USD,584.4756635
25/12/2020 00:00,ETH/USD,612.56
26/12/2020 00:00,ETH/USD,627.524938
27/12/2020 00:00,ETH/USD,635.86
28/12/2020 00:00,ETH/USD,684.06
29/12/2020 00:00,ETH/USD,729.51
30/12/2020 00:00,ETH/USD,730.31
31/12/2020 00:00,ETH/USD,752.54
01/01/2021 00:00,ETH/USD,736.22
02/01/2021 00:00,ETH/USD,729.46
03/01/2021 00:00,ETH/USD,774.82
04/01/2021 00:00,ETH/USD,976.32
05/01/2021 00:00,ETH/USD,1041.2
06/01/2021 00:00,ETH/USD,1101.7
07/01/2021 00:00,ETH/USD,1209.4
08/01/2021 00:00,ETH/USD,1221.5
09/01/2021 00:00,ETH/USD,1214.6
10/01/2021 00:00,ETH/USD,1278.979364
11/01/2021 00:00,ETH/USD,1255.9
12/01/2021 00:00,ETH/USD,1087
13/01/2021 00:00,ETH/USD,1051.7
14/01/2021 00:00,ETH/USD,1128.1
15/01/2021 00:00,ETH/USD,1230.8
16/01/2021 00:00,ETH/USD,1167.6
17/01/2021 00:00,ETH/USD,1229
18/01/2021 00:00,ETH/USD,1235.1
19/01/2021 00:00,ETH/USD,1261.7
20/01/2021 00:00,ETH/USD,1365.8
21/01/2021 00:00,ETH/USD,1378.254629
22/01/2021 00:00,ETH/USD,1112
23/01/2021 00:00,ETH/USD,1235.6
24/01/2021 00:00,ETH/USD,1233.6
25/01/2021 00:00,ETH/USD,1395.1
26/01/2021 00:00,ETH/USD,1317.4
27/01/2021 00:00,ETH/USD,1366.9
28/01/2021 00:00,ETH/USD,1240.2
29/01/2021 00:00,ETH/USD,1328.775176
30/01/2021 00:00,ETH/USD,1379.7
31/01/2021 00:00,ETH/USD,1379.7
01/02/2021 00:00,ETH/USD,1313.868608
02/02/2021 00:00,ETH/USD,1376.3
03/02/2021 00:00,ETH/USD,1515.9
04/02/2021 00:00,ETH/USD,1662.5
05/02/2021 00:00,ETH/USD,1596.2
06/02/2021 00:00,ETH/USD,1717.5
07/02/2021 00:00,ETH/USD,1677
08/02/2021 00:00,ETH/USD,1613.4
09/02/2021 00:00,ETH/USD,1755
10/02/2021 00:00,ETH/USD,1771.8
11/02/2021 00:00,ETH/USD,1742.5
12/02/2021 00:00,ETH/USD,1787.1
13/02/2021 00:00,ETH/USD,1842.5
14/02/2021 00:00,ETH/USD,1816.8
15/02/2021 00:00,ETH/USD,1801.3
16/02/2021 00:00,ETH/USD,1778.5
17/02/2021 00:00,ETH/USD,1783.710981
18/02/2021 00:00,ETH/USD,1848.7
19/02/2021 00:00,ETH/USD,1938.3
20/02/2021 00:00,ETH/USD,1955.7
21/02/2021 00:00,ETH/USD,1911.1
22/02/2021 00:00,ETH/USD,1932.4
23/02/2021 00:00,ETH/USD,1775.9
24/02/2021 00:00,ETH/USD,1576.6
25/02/2021 00:00,ETH/USD,1624
26/02/2021 00:00,ETH/USD,1485.3
27/02/2021 00:00,ETH/USD,1444.1
28/02/2021 00:00,ETH/USD,1459.9
01/03/2021 00:00,ETH/USD,1424.4
02/03/2021 00:00,ETH/USD,1569.781015
03/03/2021 00:00,ETH/USD,1490.2
04/03/2021 00:00,ETH/USD,1570.2
05/03/2021 00:00,ETH/USD,1540.9
06/03/2021 00:00,ETH/USD,1531.478053
07/03/2021 00:00,ETH/USD,1650.2
08/03/2021 00:00,ETH/USD,1726.3
09/03/2021 00:00,ETH/USD,1833.4
10/03/2021 00:00,ETH/USD,1873
11/03/2021 00:00,ETH/USD,1797.6
12/03/2021 00:00,ETH/USD,1829.6
13/03/2021 00:00,ETH/USD,1768.9
14/03/2021 00:00,ETH/USD,1922.9
15/03/2021 00:00,ETH/USD,1847.968307
16/03/2021 00:00,ETH/USD,1796.7
17/03/2021 00:00,ETH/USD,1804.9
18/03/2021 00:00,ETH/USD,1821.852407
19/03/2021 00:00,ETH/USD,1775.4
20/03/2021 00:00,ETH/USD,1809.2
21/03/2021 00:00,ETH/USD,1804.7
22/03/2021 00:00,ETH/USD,1784.6
23/03/2021 00:00,ETH/USD,1682
24/03/2021 00:00,ETH/USD,1668.4
25/03/2021 00:00,ETH/USD,1585.8
26/03/2021 00:00,ETH/USD,1587.1
27/03/2021 00:00,ETH/USD,1698.5
28/03/2021 00:00,ETH/USD,1713.8
29/03/2021 00:00,ETH/USD,1687.2
30/03/2021 00:00,ETH/USD,1818.2
31/03/2021 00:00,ETH/USD,1843.9
01/04/2021 00:00,ETH/USD,1919.3
02/04/2021 00:00,ETH/USD,1967.8
03/04/2021 00:00,ETH/USD,2133.1
04/04/2021 00:00,ETH/USD,2007.1
05/04/2021 00:00,ETH/USD,2077.5
06/04/2021 00:00,ETH/USD,2108.3
07/04/2021 00:00,ETH/USD,2112.7
08/04/2021 00:00,ETH/USD,1964.6
09/04/2021 00:00,ETH/USD,2081.3
10/04/2021 00:00,ETH/USD,2067.4
11/04/2021 00:00,ETH/USD,2136.7
12/04/2021 00:00,ETH/USD,2152.9
13/04/2021 00:00,ETH/USD,2138.2
14/04/2021 00:00,ETH/USD,2296.7
15/04/2021 00:00,ETH/USD,2429.9
16/04/2021 00:00,ETH/USD,2516.6
17/04/2021 00:00,ETH/USD,2421.9
18/04/2021 00:00,ETH/USD,2313.8
19/04/2021 00:00,ETH/USD,2235.9
20/04/2021 00:00,ETH/USD,2160.532851
21/04/2021 00:00,ETH/USD,2329.9
22/04/2021 00:00,ETH/USD,2356.1
23/04/2021 00:00,ETH/USD,2399.4
24/04/2021 00:00,ETH/USD,2368.8
25/04/2021 00:00,ETH/USD,2218.1
26/04/2021 00:00,ETH/USD,2323
27/04/2021 00:00,ETH/USD,2536.9
28/04/2021 00:00,ETH/USD,2665.7
29/04/2021 00:00,ETH/USD,2748.5
30/04/2021 00:00,ETH/USD,2758.3
01/05/2021 00:00,ETH/USD,2769.4
02/05/2021 00:00,ETH/USD,2943.9
03/05/2021 00:00,ETH/USD,2949.7
04/05/2021 00:00,ETH/USD,3429.653425
05/05/2021 00:00,ETH/USD,3242.44843
06/05/2021 00:00,ETH/USD,3524.7
07/05/2021 00:00,ETH/USD,3491.351165
08/05/2021 00:00,ETH/USD,3482.2
09/05/2021 00:00,ETH/USD,3910.904158
10/05/2021 00:00,ETH/USD,3926.9
11/05/2021 00:00,ETH/USD,3945.50406
12/05/2021 00:00,ETH/USD,4172.7
13/05/2021 00:00,ETH/USD,3832.9
14/05/2021 00:00,ETH/USD,3722.43565
15/05/2021 00:00,ETH/USD,4082.3
16/05/2021 00:00,ETH/USD,3652.9
17/05/2021 00:00,ETH/USD,3593.5
18/05/2021 00:00,ETH/USD,3283.5
19/05/2021 00:00,ETH/USD,3378.6
20/05/2021 00:00,ETH/USD,2441.6
21/05/2021 00:00,ETH/USD,2772.061126
22/05/2021 00:00,ETH/USD,2439.7
23/05/2021 00:00,ETH/USD,2302.133651
24/05/2021 00:00,ETH/USD,2097.222186
25/05/2021 00:00,ETH/USD,2647.7
26/05/2021 00:00,ETH/USD,2707.9
27/05/2021 00:00,ETH/USD,2888.880527
28/05/2021 00:00,ETH/USD,2740.9
29/05/2021 00:00,ETH/USD,2409.3
30/05/2021 00:00,ETH/USD,2272.7
31/05/2021 00:00,ETH/USD,2381.8
01/06/2021 00:00,ETH/USD,2705.1
02/06/2021 00:00,ETH/USD,2633.9
03/06/2021 00:00,ETH/USD,2704.1
04/06/2021 00:00,ETH/USD,2855.7
05/06/2021 00:00,ETH/USD,2690.2
06/06/2021 00:00,ETH/USD,2628.2
07/06/2021 00:00,ETH/USD,2711.8
08/06/2021 00:00,ETH/USD,2590.5
09/06/2021 00:00,ETH/USD,2508.3
10/06/2021 00:00,ETH/USD,2609
11/06/2021 00:00,ETH/USD,2469.8
12/06/2021 00:00,ETH/USD,2354.989338
13/06/2021 00:00,ETH/USD,2371.1
14/06/2021 00:00,ETH/USD,2509.1
15/06/2021 00:00,ETH/USD,2581.1
16/06/2021 00:00,ETH/USD,2542
17/06/2021 00:00,ETH/USD,2366.5
18/06/2021 00:00,ETH/USD,2373
19/06/2021 00:00,ETH/USD,2234.6
20/06/2021 00:00,ETH/USD,2168.185361
21/06/2021 00:00,ETH/USD,2246.6
22/06/2021 00:00,ETH/USD,1894
23/06/2021 00:00,ETH/USD,1883.6
24/06/2021 00:00,ETH/USD,1969.602126
25/06/2021 00:00,ETH/USD,1990.4
26/06/2021 00:00,ETH/USD,1807.9
27/06/2021 00:00,ETH/USD,1833.2
28/06/2021 00:00,ETH/USD,1984.9
29/06/2021 00:00,ETH/USD,2083.777079
30/06/2021 00:00,ETH/USD,2166.3
01/07/2021 00:00,ETH/USD,2275.5
02/07/2021 00:00,ETH/USD,2106.7
03/07/2021 00:00,ETH/USD,2155.9
04/07/2021 00:00,ETH/USD,2227.5
05/07/2021 00:00,ETH/USD,2321.9
06/07/2021 00:00,ETH/USD,2194.9
07/07/2021 00:00,ETH/USD,2323.711696
08/07/2021 00:00,ETH/USD,2317.5
09/07/2021 00:00,ETH/USD,2114
10/07/2021 00:00,ETH/USD,2143.3
11/07/2021 00:00,ETH/USD,2109.6
12/07/2021 00:00,ETH/USD,2140
13/07/2021 00:00,ETH/USD,2029.6
14/07/2021 00:00,ETH/USD,1940.3
15/07/2021 00:00,ETH/USD,1994.9
16/07/2021 00:00,ETH/USD,1919.767559
17/07/2021 00:00,ETH/USD,1878.1
18/07/2021 00:00,ETH/USD,1900.767177
19/07/2021 00:00,ETH/USD,1893.7
20/07/2021 00:00,ETH/USD,1820.3
21/07/2021 00:00,ETH/USD,1788.2
22/07/2021 00:00,ETH/USD,1995.8
23/07/2021 00:00,ETH/USD,2026
24/07/2021 00:00,ETH/USD,2125
25/07/2021 00:00,ETH/USD,2187
26/07/2021 00:00,ETH/USD,2193
27/07/2021 00:00,ETH/USD,2229.3
28/07/2021 00:00,ETH/USD,2301.6
29/07/2021 00:00,ETH/USD,2301
30/07/2021 00:00,ETH/USD,2384
31/07/2021 00:00,ETH/USD,2462.9
01/08/2021 00:00,ETH/USD,2530
02/08/2021 00:00,ETH/USD,2557.3
03/08/2021 00:00,ETH/USD,2607.8
04/08/2021 00:00,ETH/USD,2510
05/08/2021 00:00,ETH/USD,2725.9
06/08/2021 00:00,ETH/USD,2829.4
07/08/2021 00:00,ETH/USD,2891.9
08/08/2021 00:00,ETH/USD,3158
09/08/2021 00:00,ETH/USD,3009.766996
10/08/2021 00:00,ETH/USD,3164.449529
11/08/2021 00:00,ETH/USD,3141.7
12/08/2021 00:00,ETH/USD,3160.1
13/08/2021 00:00,ETH/USD,3047.6
14/08/2021 00:00,ETH/USD,3325.531512
15/08/2021 00:00,ETH/USD,3265.3
16/08/2021 00:00,ETH/USD,3311.1
17/08/2021 00:00,ETH/USD,3147.4
18/08/2021 00:00,ETH/USD,3012.6
19/08/2021 00:00,ETH/USD,3015.3
20/08/2021 00:00,ETH/USD,3185.9
21/08/2021 00:00,ETH/USD,3287.9
22/08/2021 00:00,ETH/USD,3225
23/08/2021 00:00,ETH/USD,3240.7
24/08/2021 00:00,ETH/USD,3323.4
25/08/2021 00:00,ETH/USD,3171.3
26/08/2021 00:00,ETH/USD,3227.6
27/08/2021 00:00,ETH/USD,3092.4
28/08/2021 00:00,ETH/USD,3275.168672
29/08/2021 00:00,ETH/USD,3246
30/08/2021 00:00,ETH/USD,3225.9
31/08/2021 00:00,ETH/USD,3230.7
01/09/2021 00:00,ETH/USD,3431.1
02/09/2021 00:00,ETH/USD,3826.4
03/09/2021 00:00,ETH/USD,3787.6
04/09/2021 00:00,ETH/USD,3938.8
05/09/2021 00:00,ETH/USD,3885.3
06/09/2021 00:00,ETH/USD,3952.1
07/09/2021 00:00,ETH/USD,3927.2
08/09/2021 00:00,ETH/USD,3435.1
09/09/2021 00:00,ETH/USD,3500.2
10/09/2021 00:00,ETH/USD,3425.4
11/09/2021 00:00,ETH/USD,3210.2
12/09/2021 00:00,ETH/USD,3267.3
13/09/2021 00:00,ETH/USD,3404.8
14/09/2021 00:00,ETH/USD,3285
15/09/2021 00:00,ETH/USD,3436
16/09/2021 00:00,ETH/USD,3614.4
17/09/2021 00:00,ETH/USD,3569.8
18/09/2021 00:00,ETH/USD,3400.2
19/09/2021 00:00,ETH/USD,3436.084729
20/09/2021 00:00,ETH/USD,3328.642719
21/09/2021 00:00,ETH/USD,2977
22/09/2021 00:00,ETH/USD,2766
23/09/2021 00:00,ETH/USD,3078.1
24/09/2021 00:00,ETH/USD,3153.7
25/09/2021 00:00,ETH/USD,2931.8
26/09/2021 00:00,ETH/USD,2924.5
27/09/2021 00:00,ETH/USD,3061.3
28/09/2021 00:00,ETH/USD,2927.7
29/09/2021 00:00,ETH/USD,2806.5
30/09/2021 00:00,ETH/USD,2850.7
01/10/2021 00:00,ETH/USD,3000.5
02/10/2021 00:00,ETH/USD,3310.2
03/10/2021 00:00,ETH/USD,3389.3
04/10/2021 00:00,ETH/USD,3419.665661
05/10/2021 00:00,ETH/USD,3387.6
06/10/2021 00:00,ETH/USD,3516.5
07/10/2021 00:00,ETH/USD,3576.471228
08/10/2021 00:00,ETH/USD,3587.3
09/10/2021 00:00,ETH/USD,3563
10/10/2021 00:00,ETH/USD,3576.4
11/10/2021 00:00,ETH/USD,3414.2
12/10/2021 00:00,ETH/USD,3541.6
13/10/2021 00:00,ETH/USD,3489.8
14/10/2021 00:00,ETH/USD,3607.7
15/10/2021 00:00,ETH/USD,3791.2
16/10/2021 00:00,ETH/USD,3870
17/10/2021 00:00,ETH/USD,3829.2
18/10/2021 00:00,ETH/USD,3845.5
19/10/2021 00:00,ETH/USD,3745.9
20/10/2021 00:00,ETH/USD,3876.5
21/10/2021 00:00,ETH/USD,4162.1
22/10/2021 00:00,ETH/USD,4053.7
23/10/2021 00:00,ETH/USD,3972.7
24/10/2021 00:00,ETH/USD,4167.7
25/10/2021 00:00,ETH/USD,4080.1
26/10/2021 00:00,ETH/USD,4220.4
27/10/2021 00:00,ETH/USD,4127.9
28/10/2021 00:00,ETH/USD,3922.5
29/10/2021 00:00,ETH/USD,4286.7
30/10/2021 00:00,ETH/USD,4418.6
31/10/2021 00:00,ETH/USD,4322.8
01/11/2021 00:00,ETH/USD,4288.3
02/11/2021 00:00,ETH/USD,4320.4
03/11/2021 00:00,ETH/USD,4593.4
04/11/2021 00:00,ETH/USD,4602.2
05/11/2021 00:00,ETH/USD,4533.475063
06/11/2021 00:00,ETH/USD,4477.9
07/11/2021 00:00,ETH/USD,4520.060337
08/11/2021 00:00,ETH/USD,4614.800516
09/11/2021 00:00,ETH/USD,4807.1
10/11/2021 00:00,ETH/USD,4733
11/11/2021 00:00,ETH/USD,4629.8
12/11/2021 00:00,ETH/USD,4719.5
13/11/2021 00:00,ETH/USD,4668.3
14/11/2021 00:00,ETH/USD,4645.092632
15/11/2021 00:00,ETH/USD,4625.222113
16/11/2021 00:00,ETH/USD,4560.7
17/11/2021 00:00,ETH/USD,4208.2
18/11/2021 00:00,ETH/USD,4289.067732
19/11/2021 00:00,ETH/USD,3998.4
20/11/2021 00:00,ETH/USD,4298.9
21/11/2021 00:00,ETH/USD,4415.774215
22/11/2021 00:00,ETH/USD,4262.6
23/11/2021 00:00,ETH/USD,4089.1
24/11/2021 00:00,ETH/USD,4341.8
25/11/2021 00:00,ETH/USD,4271.9
26/11/2021 00:00,ETH/USD,4527.6
27/11/2021 00:00,ETH/USD,4046
28/11/2021 00:00,ETH/USD,4097.9
29/11/2021 00:00,ETH/USD,4298.50274
30/11/2021 00:00,ETH/USD,4447.3
01/12/2021 00:00,ETH/USD,4632.9
02/12/2021 00:00,ETH/USD,4587.4
03/12/2021 00:00,ETH/USD,4514.3
04/12/2021 00:00,ETH/USD,4218.8
05/12/2021 00:00,ETH/USD,4123.4
06/12/2021 00:00,ETH/USD,4203.1
07/12/2021 00:00,ETH/USD,4352.982463
08/12/2021 00:00,ETH/USD,4310.6
09/12/2021 00:00,ETH/USD,4441.7
10/12/2021 00:00,ETH/USD,4107.8
11/12/2021 00:00,ETH/USD,3901.6
12/12/2021 00:00,ETH/USD,4092.3
13/12/2021 00:00,ETH/USD,4134.978387
14/12/2021 00:00,ETH/USD,3788
15/12/2021 00:00,ETH/USD,3862.8
16/12/2021 00:00,ETH/USD,4023.9
17/12/2021 00:00,ETH/USD,3958.987797
18/12/2021 00:00,ETH/USD,3877.117483
19/12/2021 00:00,ETH/USD,3962.2
20/12/2021 00:00,ETH/USD,3926.8
21/12/2021 00:00,ETH/USD,3947.2
22/12/2021 00:00,ETH/USD,4017.1
23/12/2021 00:00,ETH/USD,3981.7
24/12/2021 00:00,ETH/USD,4112.9
25/12/2021 00:00,ETH/USD,4047.4
26/12/2021 00:00,ETH/USD,4096.7
27/12/2021 00:00,ETH/USD,4064.6
28/12/2021 00:00,ETH/USD,4037.9
29/12/2021 00:00,ETH/USD,3794.6
30/12/2021 00:00,ETH/USD,3629.5
31/12/2021 00:00,ETH/USD,3710.6
01/01/2022 00:00,ETH/USD,3677.6
02/01/2022 00:00,ETH/USD,3767.171482
03/01/2022 00:00,ETH/USD,3830.7
04/01/2022 00:00,ETH/USD,3765.3
05/01/2022 00:00,ETH/USD,3785.6
06/01/2022 00:00,ETH/USD,3539.7
07/01/2022 00:00,ETH/USD,3406.6
08/01/2022 00:00,ETH/USD,3197.4
09/01/2022 00:00,ETH/USD,3081.3
10/01/2022 00:00,ETH/USD,3150.2
11/01/2022 00:00,ETH/USD,3084.7
12/01/2022 00:00,ETH/USD,3240.597345
13/01/2022 00:00,ETH/USD,3372.018068
14/01/2022 00:00,ETH/USD,3241
15/01/2022 00:00,ETH/USD,3309.4
16/01/2022 00:00,ETH/USD,3327
17/01/2022 00:00,ETH/USD,3349.116342
18/01/2022 00:00,ETH/USD,3210.9
19/01/2022 00:00,ETH/USD,3160.7
20/01/2022 00:00,ETH/USD,3084.4
21/01/2022 00:00,ETH/USD,3001.6
22/01/2022 00:00,ETH/USD,2570.3
23/01/2022 00:00,ETH/USD,2414.6
24/01/2022 00:00,ETH/USD,2542
25/01/2022 00:00,ETH/USD,2443.2
26/01/2022 00:00,ETH/USD,2460.508989
27/01/2022 00:00,ETH/USD,2465.4
28/01/2022 00:00,ETH/USD,2425.962554
29/01/2022 00:00,ETH/USD,2546.5
30/01/2022 00:00,ETH/USD,2602.5
31/01/2022 00:00,ETH/USD,2603.8
01/02/2022 00:00,ETH/USD,2689.6
02/02/2022 00:00,ETH/USD,2789.2
03/02/2022 00:00,ETH/USD,2682.1
04/02/2022 00:00,ETH/USD,2699.3
05/02/2022 00:00,ETH/USD,2997.6
06/02/2022 00:00,ETH/USD,3017.5
07/02/2022 00:00,ETH/USD,3058.784457
08/02/2022 00:00,ETH/USD,3142
09/02/2022 00:00,ETH/USD,3119.3
10/02/2022 00:00,ETH/USD,3247.989716
11/02/2022 00:00,ETH/USD,3076.578329
12/02/2022 00:00,ETH/USD,2930.3
13/02/2022 00:00,ETH/USD,2919.5
14/02/2022 00:00,ETH/USD,2873.5
15/02/2022 00:00,ETH/USD,2931.1
16/02/2022 00:00,ETH/USD,3185.8
17/02/2022 00:00,ETH/USD,3124.5
18/02/2022 00:00,ETH/USD,2894.7
19/02/2022 00:00,ETH/USD,2781.5
20/02/2022 00:00,ETH/USD,2766.8
21/02/2022 00:00,ETH/USD,2625.7
22/02/2022 00:00,ETH/USD,2572.1
23/02/2022 00:00,ETH/USD,2641.5
24/02/2022 00:00,ETH/USD,2583.5504
25/02/2022 00:00,ETH/USD,2599.8
26/02/2022 00:00,ETH/USD,2770.6
27/02/2022 00:00,ETH/USD,2781.33964
28/02/2022 00:00,ETH/USD,2620.3
01/03/2022 00:00,ETH/USD,2925.3
02/03/2022 00:00,ETH/USD,2979.3
03/03/2022 00:00,ETH/USD,2950.6
04/03/2022 00:00,ETH/USD,2835.8
05/03/2022 00:00,ETH/USD,2624.7
06/03/2022 00:00,ETH/USD,2665.8
07/03/2022 00:00,ETH/USD,2551.966185
08/03/2022 00:00,ETH/USD,2493.888716
09/03/2022 00:00,ETH/USD,2578.1
10/03/2022 00:00,ETH/USD,2730.0292
11/03/2022 00:00,ETH/USD,2609
12/03/2022 00:00,ETH/USD,2558.032271
13/03/2022 00:00,ETH/USD,2568.8
14/03/2022 00:00,ETH/USD,2516.2
15/03/2022 00:00,ETH/USD,2592.742553
16/03/2022 00:00,ETH/USD,2620.5
17/03/2022 00:00,ETH/USD,2776.4
18/03/2022 00:00,ETH/USD,2813.9
19/03/2022 00:00,ETH/USD,2938.9
20/03/2022 00:00,ETH/USD,2951.522753
21/03/2022 00:00,ETH/USD,2861.6
22/03/2022 00:00,ETH/USD,2888.7
23/03/2022 00:00,ETH/USD,2969
24/03/2022 00:00,ETH/USD,3036
25/03/2022 00:00,ETH/USD,3110.5
26/03/2022 00:00,ETH/USD,3104.054202
27/03/2022 00:00,ETH/USD,3145.3
28/03/2022 00:00,ETH/USD,3294.7
29/03/2022 00:00,ETH/USD,3332.5
30/03/2022 00:00,ETH/USD,3400.6
31/03/2022 00:00,ETH/USD,3384.5
01/04/2022 00:00,ETH/USD,3282
02/04/2022 00:00,ETH/USD,3456.2
03/04/2022 00:00,ETH/USD,3443.735533
04/04/2022 00:00,ETH/USD,3520.5
05/04/2022 00:00,ETH/USD,3521
06/04/2022 00:00,ETH/USD,3405.8
07/04/2022 00:00,ETH/USD,3170.083151
08/04/2022 00:00,ETH/USD,3227.4
09/04/2022 00:00,ETH/USD,3193
10/04/2022 00:00,ETH/USD,3260.238065
11/04/2022 00:00,ETH/USD,3204.219602
12/04/2022 00:00,ETH/USD,2981.520028
13/04/2022 00:00,ETH/USD,3028.9
14/04/2022 00:00,ETH/USD,3119.4
15/04/2022 00:00,ETH/USD,3022.709423
16/04/2022 00:00,ETH/USD,3041.6
17/04/2022 00:00,ETH/USD,3061.244569
18/04/2022 00:00,ETH/USD,2987.864858
19/04/2022 00:00,ETH/USD,3057.6
20/04/2022 00:00,ETH/USD,3103.325454
21/04/2022 00:00,ETH/USD,3076.4
22/04/2022 00:00,ETH/USD,2984.668725
23/04/2022 00:00,ETH/USD,2963.7
24/04/2022 00:00,ETH/USD,2933.5
25/04/2022 00:00,ETH/USD,2922.5
26/04/2022 00:00,ETH/USD,3009.2
27/04/2022 00:00,ETH/USD,2810.693462
28/04/2022 00:00,ETH/USD,2890.3
29/04/2022 00:00,ETH/USD,2937.2
30/04/2022 00:00,ETH/USD,2818.4
01/05/2022 00:00,ETH/USD,2728.1
02/05/2022 00:00,ETH/USD,2828.1
03/05/2022 00:00,ETH/USD,2857.7
04/05/2022 00:00,ETH/USD,2782.740381
05/05/2022 00:00,ETH/USD,2941.798123
06/05/2022 00:00,ETH/USD,2748.662771
07/05/2022 00:00,ETH/USD,2694
08/05/2022 00:00,ETH/USD,2637.6
09/05/2022 00:00,ETH/USD,2521.6
10/05/2022 00:00,ETH/USD,2232.1
11/05/2022 00:00,ETH/USD,2345.601011
12/05/2022 00:00,ETH/USD,2089.250982
13/05/2022 00:00,ETH/USD,1963.9
14/05/2022 00:00,ETH/USD,2010.2
15/05/2022 00:00,ETH/USD,2057.086228
16/05/2022 00:00,ETH/USD,2143.9
17/05/2022 00:00,ETH/USD,2022.6
18/05/2022 00:00,ETH/USD,2090.1
19/05/2022 00:00,ETH/USD,1913.9
20/05/2022 00:00,ETH/USD,2020.4
21/05/2022 00:00,ETH/USD,1958.6
22/05/2022 00:00,ETH/USD,1974
23/05/2022 00:00,ETH/USD,2042.5
24/05/2022 00:00,ETH/USD,1972.43737
25/05/2022 00:00,ETH/USD,1978.5
26/05/2022 00:00,ETH/USD,1941.9
27/05/2022 00:00,ETH/USD,1791.8
28/05/2022 00:00,ETH/USD,1727.683472
29/05/2022 00:00,ETH/USD,1793.3
30/05/2022 00:00,ETH/USD,1814.1
31/05/2022 00:00,ETH/USD,1999.7
01/06/2022 00:00,ETH/USD,1941.3
02/06/2022 00:00,ETH/USD,1820.9
03/06/2022 00:00,ETH/USD,1836
04/06/2022 00:00,ETH/USD,1776.6
05/06/2022 00:00,ETH/USD,1805.3
06/06/2022 00:00,ETH/USD,1806.8606
07/06/2022 00:00,ETH/USD,1859.8
08/06/2022 00:00,ETH/USD,1814.6
09/06/2022 00:00,ETH/USD,1793.300041
10/06/2022 00:00,ETH/USD,1789.7
11/06/2022 00:00,ETH/USD,1663.5
12/06/2022 00:00,ETH/USD,1533.7
13/06/2022 00:00,ETH/USD,1437.5
14/06/2022 00:00,ETH/USD,1211.3
15/06/2022 00:00,ETH/USD,1208.4
16/06/2022 00:00,ETH/USD,1238.2
17/06/2022 00:00,ETH/USD,1068.8
18/06/2022 00:00,ETH/USD,1084.273366
19/06/2022 00:00,ETH/USD,995.08
20/06/2022 00:00,ETH/USD,1126.8
21/06/2022 00:00,ETH/USD,1126.8
22/06/2022 00:00,ETH/USD,1124.6
23/06/2022 00:00,ETH/USD,1048.3
24/06/2022 00:00,ETH/USD,1142.721869
25/06/2022 00:00,ETH/USD,1224.49195
26/06/2022 00:00,ETH/USD,1241.781248
27/06/2022 00:00,ETH/USD,1199.1
28/06/2022 00:00,ETH/USD,1191.7
29/06/2022 00:00,ETH/USD,1143.5
30/06/2022 00:00,ETH/USD,1099.8
01/07/2022 00:00,ETH/USD,1071.2
02/07/2022 00:00,ETH/USD,1059.5
03/07/2022 00:00,ETH/USD,1065.9
04/07/2022 00:00,ETH/USD,1073.783491
05/07/2022 00:00,ETH/USD,1150.746801
06/07/2022 00:00,ETH/USD,1131.790685
07/07/2022 00:00,ETH/USD,1185.8
08/07/2022 00:00,ETH/USD,1235.5
09/07/2022 00:00,ETH/USD,1213.1
10/07/2022 00:00,ETH/USD,1216.6
11/07/2022 00:00,ETH/USD,1168.653538
12/07/2022 00:00,ETH/USD,1095.656203
13/07/2022 00:00,ETH/USD,1037.176603
14/07/2022 00:00,ETH/USD,1114.929983
15/07/2022 00:00,ETH/USD,1192.6
16/07/2022 00:00,ETH/USD,1230.7
17/07/2022 00:00,ETH/USD,1356.492969
18/07/2022 00:00,ETH/USD,1338.589434
19/07/2022 00:00,ETH/USD,1580.9
20/07/2022 00:00,ETH/USD,1541.7
21/07/2022 00:00,ETH/USD,1521.4
22/07/2022 00:00,ETH/USD,1575.253896
23/07/2022 00:00,ETH/USD,1536.090194
24/07/2022 00:00,ETH/USD,1548.762053
25/07/2022 00:00,ETH/USD,1598.448289
26/07/2022 00:00,ETH/USD,1440.2
27/07/2022 00:00,ETH/USD,1449.8
28/07/2022 00:00,ETH/USD,1636.134472
29/07/2022 00:00,ETH/USD,1724.149433
30/07/2022 00:00,ETH/USD,1721.414921
31/07/2022 00:00,ETH/USD,1697.1
01/08/2022 00:00,ETH/USD,1677.7
02/08/2022 00:00,ETH/USD,1628.937887
03/08/2022 00:00,ETH/USD,1630.978435
04/08/2022 00:00,ETH/USD,1617.2
05/08/2022 00:00,ETH/USD,1607.1
06/08/2022 00:00,ETH/USD,1735.9
07/08/2022 00:00,ETH/USD,1689.3
08/08/2022 00:00,ETH/USD,1699.7
09/08/2022 00:00,ETH/USD,1776.717295
10/08/2022 00:00,ETH/USD,1702.9
11/08/2022 00:00,ETH/USD,1853.90973
12/08/2022 00:00,ETH/USD,1880.158705
13/08/2022 00:00,ETH/USD,1958.5
14/08/2022 00:00,ETH/USD,1982.8
15/08/2022 00:00,ETH/USD,1935.146703
16/08/2022 00:00,ETH/USD,1898.8
17/08/2022 00:00,ETH/USD,1877.1
18/08/2022 00:00,ETH/USD,1834
19/08/2022 00:00,ETH/USD,1846.635918
20/08/2022 00:00,ETH/USD,1609.1
21/08/2022 00:00,ETH/USD,1575.9
22/08/2022 00:00,ETH/USD,1617.8
23/08/2022 00:00,ETH/USD,1624.6
24/08/2022 00:00,ETH/USD,1665.7
25/08/2022 00:00,ETH/USD,1657.158553
26/08/2022 00:00,ETH/USD,1695.2
27/08/2022 00:00,ETH/USD,1508.8
28/08/2022 00:00,ETH/USD,1492.9
29/08/2022 00:00,ETH/USD,1427.485825
30/08/2022 00:00,ETH/USD,1552.620648
31/08/2022 00:00,ETH/USD,1525.3
01/09/2022 00:00,ETH/USD,1554.484276
02/09/2022 00:00,ETH/USD,1586.9
03/09/2022 00:00,ETH/USD,1576.40939
04/09/2022 00:00,ETH/USD,1557.3
05/09/2022 00:00,ETH/USD,1579.1
06/09/2022 00:00,ETH/USD,1617.6
07/09/2022 00:00,ETH/USD,1558.818287
08/09/2022 00:00,ETH/USD,1629.657388
09/09/2022 00:00,ETH/USD,1635.7
10/09/2022 00:00,ETH/USD,1720.3
11/09/2022 00:00,ETH/USD,1774.9
12/09/2022 00:00,ETH/USD,1766.308865
13/09/2022 00:00,ETH/USD,1716.2
14/09/2022 00:00,ETH/USD,1574.5
15/09/2022 00:00,ETH/USD,1638.5
16/09/2022 00:00,ETH/USD,1474.2
17/09/2022 00:00,ETH/USD,1434.4
18/09/2022 00:00,ETH/USD,1469.3
19/09/2022 00:00,ETH/USD,1335.2
20/09/2022 00:00,ETH/USD,1376.077772
21/09/2022 00:00,ETH/USD,1323.549206
22/09/2022 00:00,ETH/USD,1245.7
23/09/2022 00:00,ETH/USD,1327.1
24/09/2022 00:00,ETH/USD,1327.7
25/09/2022 00:00,ETH/USD,1317.4
26/09/2022 00:00,ETH/USD,1295.509961
27/09/2022 00:00,ETH/USD,1336.89342
28/09/2022 00:00,ETH/USD,1329.009479
29/09/2022 00:00,ETH/USD,1337.8
30/09/2022 00:00,ETH/USD,1336.151596
01/10/2022 00:00,ETH/USD,1329.2
02/10/2022 00:00,ETH/USD,1312.2
03/10/2022 00:00,ETH/USD,1277.294449
04/10/2022 00:00,ETH/USD,1323.4
05/10/2022 00:00,ETH/USD,1361.763277
06/10/2022 00:00,ETH/USD,1352.045996
07/10/2022 00:00,ETH/USD,1352.2
08/10/2022 00:00,ETH/USD,1330.891807
09/10/2022 00:00,ETH/USD,1315.7
10/10/2022 00:00,ETH/USD,1323.1
11/10/2022 00:00,ETH/USD,1289.9
12/10/2022 00:00,ETH/USD,1279.8
13/10/2022 00:00,ETH/USD,1294.5
14/10/2022 00:00,ETH/USD,1287.1
15/10/2022 00:00,ETH/USD,1297
16/10/2022 00:00,ETH/USD,1275.2
17/10/2022 00:00,ETH/USD,1306.4
18/10/2022 00:00,ETH/USD,1331.8
19/10/2022 00:00,ETH/USD,1310.7
20/10/2022 00:00,ETH/USD,1285.6
21/10/2022 00:00,ETH/USD,1283.8
22/10/2022 00:00,ETH/USD,1300.7
23/10/2022 00:00,ETH/USD,1314.8
24/10/2022 00:00,ETH/USD,1365.3
25/10/2022 00:00,ETH/USD,1344.6
26/10/2022 00:00,ETH/USD,1461.1
27/10/2022 00:00,ETH/USD,1566.9
28/10/2022 00:00,ETH/USD,1515.1
29/10/2022 00:00,ETH/USD,1555.6
30/10/2022 00:00,ETH/USD,1621.4
31/10/2022 00:00,ETH/USD,1592
01/11/2022 00:00,ETH/USD,1573.6
02/11/2022 00:00,ETH/USD,1579.8
03/11/2022 00:00,ETH/USD,1519.7
04/11/2022 00:00,ETH/USD,1532.6
05/11/2022 00:00,ETH/USD,1645.5
06/11/2022 00:00,ETH/USD,1628.1
07/11/2022 00:00,ETH/USD,1569.7
08/11/2022 00:00,ETH/USD,1569.5
09/11/2022 00:00,ETH/USD,1335.5
10/11/2022 00:00,ETH/USD,1103.1
11/11/2022 00:00,ETH/USD,1299.3
12/11/2022 00:00,ETH/USD,1288.3
13/11/2022 00:00,ETH/USD,1257.7
14/11/2022 00:00,ETH/USD,1223
15/11/2022 00:00,ETH/USD,1243
16/11/2022 00:00,ETH/USD,1253
17/11/2022 00:00,ETH/USD,1216.1
18/11/2022 00:00,ETH/USD,1199
19/11/2022 00:00,ETH/USD,1211.7
20/11/2022 00:00,ETH/USD,1216.6
21/11/2022 00:00,ETH/USD,1141.9
22/11/2022 00:00,ETH/USD,1106.6
23/11/2022 00:00,ETH/USD,1139.6
24/11/2022 00:00,ETH/USD,1184.7
25/11/2022 00:00,ETH/USD,1204.2
26/11/2022 00:00,ETH/USD,1199.2
27/11/2022 00:00,ETH/USD,1205.1
28/11/2022 00:00,ETH/USD,1194.1
29/11/2022 00:00,ETH/USD,1168
30/11/2022 00:00,ETH/USD,1216.9
01/12/2022 00:00,ETH/USD,1295.6
02/12/2022 00:00,ETH/USD,1276.8
03/12/2022 00:00,ETH/USD,1295.8
04/12/2022 00:00,ETH/USD,1240.9
05/12/2022 00:00,ETH/USD,1280.6
06/12/2022 00:00,ETH/USD,1259.9
07/12/2022 00:00,ETH/USD,1271.9
08/12/2022 00:00,ETH/USD,1231.9
09/12/2022 00:00,ETH/USD,1281.4
10/12/2022 00:00,ETH/USD,1263.4
11/12/2022 00:00,ETH/USD,1267
12/12/2022 00:00,ETH/USD,1264.1
13/12/2022 00:00,ETH/USD,1276.7
14/12/2022 00:00,ETH/USD,1321.5
15/12/2022 00:00,ETH/USD,1308.2
16/12/2022 00:00,ETH/USD,1267.6
17/12/2022 00:00,ETH/USD,1167.7
18/12/2022 00:00,ETH/USD,1188.4
19/12/2022 00:00,ETH/USD,1184.2
20/12/2022 00:00,ETH/USD,1168.1
21/12/2022 00:00,ETH/USD,1218.2
22/12/2022 00:00,ETH/USD,1214.7
23/12/2022 00:00,ETH/USD,1219.8
24/12/2022 00:00,ETH/USD,1221.7
25/12/2022 00:00,ETH/USD,1222.3
26/12/2022 00:00,ETH/USD,1220
27/12/2022 00:00,ETH/USD,1229.7
28/12/2022 00:00,ETH/USD,1212.7
29/12/2022 00:00,ETH/USD,1191
30/12/2022 00:00,ETH/USD,1201.7
31/12/2022 00:00,ETH/USD,1200.9
01/01/2023 00:00,ETH/USD,1197.3
02/01/2023 00:00,ETH/USD,1201.9
03/01/2023 00:00,ETH/USD,1215.3
04/01/2023 00:00,ETH/USD,1215.6
05/01/2023 00:00,ETH/USD,1257.4
06/01/2023 00:00,ETH/USD,1251.9
07/01/2023 00:00,ETH/USD,1270.3
08/01/2023 00:00,ETH/USD,1264.9
09/01/2023 00:00,ETH/USD,1291.3
10/01/2023 00:00,ETH/USD,1320.9
11/01/2023 00:00,ETH/USD,1336
12/01/2023 00:00,ETH/USD,1390.6
13/01/2023 00:00,ETH/USD,1416
14/01/2023 00:00,ETH/USD,1451
15/01/2023 00:00,ETH/USD,1550.2
16/01/2023 00:00,ETH/USD,1552.9
17/01/2023 00:00,ETH/USD,1577
18/01/2023 00:00,ETH/USD,1565.6
19/01/2023 00:00,ETH/USD,1511.7
20/01/2023 00:00,ETH/USD,1551.6
21/01/2023 00:00,ETH/USD,1658.4
22/01/2023 00:00,ETH/USD,1625.8
23/01/2023 00:00,ETH/USD,1627.7
24/01/2023 00:00,ETH/USD,1626.2
25/01/2023 00:00,ETH/USD,1555.7
26/01/2023 00:00,ETH/USD,1612.4
27/01/2023 00:00,ETH/USD,1601.1
28/01/2023 00:00,ETH/USD,1597.4
29/01/2023 00:00,ETH/USD,1572.7
30/01/2023 00:00,ETH/USD,1644.4
31/01/2023 00:00,ETH/USD,1566.9
01/02/2023 00:00,ETH/USD,1585.6
02/02/2023 00:00,ETH/USD,1640.9
03/02/2023 00:00,ETH/USD,1643.6
04/02/2023 00:00,ETH/USD,1663.9
05/02/2023 00:00,ETH/USD,1666.3
06/02/2023 00:00,ETH/USD,1629.2
07/02/2023 00:00,ETH/USD,1614
08/02/2023 00:00,ETH/USD,1671
09/02/2023 00:00,ETH/USD,1650
10/02/2023 00:00,ETH/USD,1545.6
11/02/2023 00:00,ETH/USD,1513.4
12/02/2023 00:00,ETH/USD,1538.7
13/02/2023 00:00,ETH/USD,1515.7
14/02/2023 00:00,ETH/USD,1505.3
15/02/2023 00:00,ETH/USD,1555.8
16/02/2023 00:00,ETH/USD,1674.5
17/02/2023 00:00,ETH/USD,1638.9
18/02/2023 00:00,ETH/USD,1694.6
19/02/2023 00:00,ETH/USD,1691.6
20/02/2023 00:00,ETH/USD,1681
21/02/2023 00:00,ETH/USD,1703
22/02/2023 00:00,ETH/USD,1659.7
23/02/2023 00:00,ETH/USD,1643.6
24/02/2023 00:00,ETH/USD,1650.5
25/02/2023 00:00,ETH/USD,1608.7
26/02/2023 00:00,ETH/USD,1595
27/02/2023 00:00,ETH/USD,1641
28/02/2023 00:00,ETH/USD,1633.6
01/03/2023 00:00,ETH/USD,1605.6
02/03/2023 00:00,ETH/USD,1665.8
03/03/2023 00:00,ETH/USD,1648.3
04/03/2023 00:00,ETH/USD,1569.7
05/03/2023 00:00,ETH/USD,1566.3
06/03/2023 00:00,ETH/USD,1564.3
07/03/2023 00:00,ETH/USD,1565.9
08/03/2023 00:00,ETH/USD,1562.4
09/03/2023 00:00,ETH/USD,1533.7
10/03/2023 00:00,ETH/USD,1438
11/03/2023 00:00,ETH/USD,1429.2
12/03/2023 00:00,ETH/USD,1476.4
13/03/2023 00:00,ETH/USD,1586.5
14/03/2023 00:00,ETH/USD,1679.8
15/03/2023 00:00,ETH/USD,1702.7
16/03/2023 00:00,ETH/USD,1652.2
17/03/2023 00:00,ETH/USD,1677.3
18/03/2023 00:00,ETH/USD,1788.5
19/03/2023 00:00,ETH/USD,1759.5
20/03/2023 00:00,ETH/USD,1779.7
21/03/2023 00:00,ETH/USD,1732.7
22/03/2023 00:00,ETH/USD,1802.1
23/03/2023 00:00,ETH/USD,1735
24/03/2023 00:00,ETH/USD,1814.7
25/03/2023 00:00,ETH/USD,1750.4
26/03/2023 00:00,ETH/USD,1742.7
27/03/2023 00:00,ETH/USD,1774.5
28/03/2023 00:00,ETH/USD,1715.1
29/03/2023 00:00,ETH/USD,1773.1
30/03/2023 00:00,ETH/USD,1792.9
31/03/2023 00:00,ETH/USD,1793.1
01/04/2023 00:00,ETH/USD,1821.6
02/04/2023 00:00,ETH/USD,1820.3
03/04/2023 00:00,ETH/USD,1794
04/04/2023 00:00,ETH/USD,1810.1
05/04/2023 00:00,ETH/USD,1870.7
06/04/2023 00:00,ETH/USD,1908.2
07/04/2023 00:00,ETH/USD,1871.5
08/04/2023 00:00,ETH/USD,1863.3
09/04/2023 00:00,ETH/USD,1846.7
10/04/2023 00:00,ETH/USD,1858
11/04/2023 00:00,ETH/USD,1909.1
12/04/2023 00:00,ETH/USD,1888.7
13/04/2023 00:00,ETH/USD,1917.8
14/04/2023 00:00,ETH/USD,2012.6
15/04/2023 00:00,ETH/USD,2100
16/04/2023 00:00,ETH/USD,2089.4
17/04/2023 00:00,ETH/USD,2117
18/04/2023 00:00,ETH/USD,2074.4
19/04/2023 00:00,ETH/USD,2104.8
20/04/2023 00:00,ETH/USD,1935.4
21/04/2023 00:00,ETH/USD,1943.6
22/04/2023 00:00,ETH/USD,1850.4
23/04/2023 00:00,ETH/USD,1874.7
24/04/2023 00:00,ETH/USD,1863.5
25/04/2023 00:00,ETH/USD,1842.8
26/04/2023 00:00,ETH/USD,1867.7
27/04/2023 00:00,ETH/USD,1866
28/04/2023 00:00,ETH/USD,1909.1
29/04/2023 00:00,ETH/USD,1892.9
30/04/2023 00:00,ETH/USD,1908.8
01/05/2023 00:00,ETH/USD,1871.6
02/05/2023 00:00,ETH/USD,1832
03/05/2023 00:00,ETH/USD,1870.4
04/05/2023 00:00,ETH/USD,1906.7
05/05/2023 00:00,ETH/USD,1877.7
06/05/2023 00:00,ETH/USD,1995.3
07/05/2023 00:00,ETH/USD,1900.4
08/05/2023 00:00,ETH/USD,1874.8
09/05/2023 00:00,ETH/USD,1849.4
10/05/2023 00:00,ETH/USD,1849.2
11/05/2023 00:00,ETH/USD,1842.5
12/05/2023 00:00,ETH/USD,1796.5
13/05/2023 00:00,ETH/USD,1809.3
14/05/2023 00:00,ETH/USD,1796.8
15/05/2023 00:00,ETH/USD,1800.9
16/05/2023 00:00,ETH/USD,1817.2
17/05/2023 00:00,ETH/USD,1825.7
18/05/2023 00:00,ETH/USD,1823.8
19/05/2023 00:00,ETH/USD,1802.4
20/05/2023 00:00,ETH/USD,1814.2
21/05/2023 00:00,ETH/USD,1821.2
22/05/2023 00:00,ETH/USD,1805.4
23/05/2023 00:00,ETH/USD,1819.2
24/05/2023 00:00,ETH/USD,1855.5
25/05/2023 00:00,ETH/USD,1801
26/05/2023 00:00,ETH/USD,1807.3
27/05/2023 00:00,ETH/USD,1830.4
28/05/2023 00:00,ETH/USD,1832.2
29/05/2023 00:00,ETH/USD,1911.2
30/05/2023 00:00,ETH/USD,1895.1
31/05/2023 00:00,ETH/USD,1901.8
01/06/2023 00:00,ETH/USD,1874.6
02/06/2023 00:00,ETH/USD,1862.1
03/06/2023 00:00,ETH/USD,1907.5
04/06/2023 00:00,ETH/USD,1892.3
05/06/2023 00:00,ETH/USD,1890.4
06/06/2023 00:00,ETH/USD,1811.9
07/06/2023 00:00,ETH/USD,1885
08/06/2023 00:00,ETH/USD,1833.5
09/06/2023 00:00,ETH/USD,1847.5
10/06/2023 00:00,ETH/USD,1842.2
11/06/2023 00:00,ETH/USD,1753.3
12/06/2023 00:00,ETH/USD,1754.7
13/06/2023 00:00,ETH/USD,1743.8
14/06/2023 00:00,ETH/USD,1740.4
15/06/2023 00:00,ETH/USD,1652
16/06/2023 00:00,ETH/USD,1667.8
17/06/2023 00:00,ETH/USD,1718.9
18/06/2023 00:00,ETH/USD,1728.9
19/06/2023 00:00,ETH/USD,1722
20/06/2023 00:00,ETH/USD,1738.8
21/06/2023 00:00,ETH/USD,1793.6
22/06/2023 00:00,ETH/USD,1891.3
23/06/2023 00:00,ETH/USD,1873.8
24/06/2023 00:00,ETH/USD,1894.5
25/06/2023 00:00,ETH/USD,1876.7
26/06/2023 00:00,ETH/USD,1900.7
27/06/2023 00:00,ETH/USD,1860.1
28/06/2023 00:00,ETH/USD,1891.9
29/06/2023 00:00,ETH/USD,1828.7
30/06/2023 00:00,ETH/USD,1853.4
01/07/2023 00:00,ETH/USD,1935.9
02/07/2023 00:00,ETH/USD,1925.9
03/07/2023 00:00,ETH/USD,1939.6
04/07/2023 00:00,ETH/USD,1957.2
05/07/2023 00:00,ETH/USD,1937.5
06/07/2023 00:00,ETH/USD,1911.7
07/07/2023 00:00,ETH/USD,1848
08/07/2023 00:00,ETH/USD,1872.2
09/07/2023 00:00,ETH/USD,1867.1
10/07/2023 00:00,ETH/USD,1863.8
11/07/2023 00:00,ETH/USD,1882.3
12/07/2023 00:00,ETH/USD,1880.1
13/07/2023 00:00,ETH/USD,1874.4
14/07/2023 00:00,ETH/USD,2007.2
15/07/2023 00:00,ETH/USD,1940.3
16/07/2023 00:00,ETH/USD,1932.9
17/07/2023 00:00,ETH/USD,1924.2
18/07/2023 00:00,ETH/USD,1914.5
19/07/2023 00:00,ETH/USD,1898.4
20/07/2023 00:00,ETH/USD,1890
21/07/2023 00:00,ETH/USD,1894
22/07/2023 00:00,ETH/USD,1893.9
23/07/2023 00:00,ETH/USD,1868.3
24/07/2023 00:00,ETH/USD,1890.9
25/07/2023 00:00,ETH/USD,1852.7
26/07/2023 00:00,ETH/USD,1860.9
27/07/2023 00:00,ETH/USD,1874.3
28/07/2023 00:00,ETH/USD,1863.3
29/07/2023 00:00,ETH/USD,1877.4
30/07/2023 00:00,ETH/USD,1883.8
31/07/2023 00:00,ETH/USD,1863.8
01/08/2023 00:00,ETH/USD,1858.2
02/08/2023 00:00,ETH/USD,1876
03/08/2023 00:00,ETH/USD,1841.3
04/08/2023 00:00,ETH/USD,1836.8
05/08/2023 00:00,ETH/USD,1830.4
06/08/2023 00:00,ETH/USD,1836.8
07/08/2023 00:00,ETH/USD,1830.2
08/08/2023 00:00,ETH/USD,1829.3
09/08/2023 00:00,ETH/USD,1857.3
10/08/2023 00:00,ETH/USD,1856.4
11/08/2023 00:00,ETH/USD,1852.4
12/08/2023 00:00,ETH/USD,1849.4
13/08/2023 00:00,ETH/USD,1850.5
14/08/2023 00:00,ETH/USD,1841.5
15/08/2023 00:00,ETH/USD,1845.6
16/08/2023 00:00,ETH/USD,1829.4
17/08/2023 00:00,ETH/USD,1807.9
18/08/2023 00:00,ETH/USD,1682.4
19/08/2023 00:00,ETH/USD,1662.3
20/08/2023 00:00,ETH/USD,1670.5
21/08/2023 00:00,ETH/USD,1686.4
22/08/2023 00:00,ETH/USD,1669
23/08/2023 00:00,ETH/USD,1636
24/08/2023 00:00,ETH/USD,1681.1
25/08/2023 00:00,ETH/USD,1663.2
26/08/2023 00:00,ETH/USD,1654.7
27/08/2023 00:00,ETH/USD,1648.4
28/08/2023 00:00,ETH/USD,1658.8
29/08/2023 00:00,ETH/USD,1654.8
30/08/2023 00:00,ETH/USD,1731.1
31/08/2023 00:00,ETH/USD,1707.3
01/09/2023 00:00,ETH/USD,1647.7
02/09/2023 00:00,ETH/USD,1630.1
03/09/2023 00:00,ETH/USD,1637.4
04/09/2023 00:00,ETH/USD,1636.7
05/09/2023 00:00,ETH/USD,1631
06/09/2023 00:00,ETH/USD,1634.8
07/09/2023 00:00,ETH/USD,1634.3
08/09/2023 00:00,ETH/USD,1649.4
09/09/2023 00:00,ETH/USD,1637.2
10/09/2023 00:00,ETH/USD,1636.3
11/09/2023 00:00,ETH/USD,1618
12/09/2023 00:00,ETH/USD,1552.8
13/09/2023 00:00,ETH/USD,1593.6
14/09/2023 00:00,ETH/USD,1609
15/09/2023 00:00,ETH/USD,1627.1
16/09/2023 00:00,ETH/USD,1643
17/09/2023 00:00,ETH/USD,1635.9
18/09/2023 00:00,ETH/USD,1624.1
19/09/2023 00:00,ETH/USD,1638.1
20/09/2023 00:00,ETH/USD,1644.8
21/09/2023 00:00,ETH/USD,1623.1
22/09/2023 00:00,ETH/USD,1587.1
23/09/2023 00:00,ETH/USD,1595.9
24/09/2023 00:00,ETH/USD,1595.4
25/09/2023 00:00,ETH/USD,1582.8
26/09/2023 00:00,ETH/USD,1590
27/09/2023 00:00,ETH/USD,1595.5
28/09/2023 00:00,ETH/USD,1599.8
29/09/2023 00:00,ETH/USD,1655.4
30/09/2023 00:00,ETH/USD,1668.8
01/10/2023 00:00,ETH/USD,1671.9
02/10/2023 00:00,ETH/USD,1736.2
03/10/2023 00:00,ETH/USD,1664.7
04/10/2023 00:00,ETH/USD,1656.7
05/10/2023 00:00,ETH/USD,1648.2
06/10/2023 00:00,ETH/USD,1612.4
07/10/2023 00:00,ETH/USD,1645.5
08/10/2023 00:00,ETH/USD,1634.5
09/10/2023 00:00,ETH/USD,1633.6
10/10/2023 00:00,ETH/USD,1581.7
11/10/2023 00:00,ETH/USD,1568.8
12/10/2023 00:00,ETH/USD,1567.4
13/10/2023 00:00,ETH/USD,1541.6
14/10/2023 00:00,ETH/USD,1552.9
15/10/2023 00:00,ETH/USD,1555.8
16/10/2023 00:00,ETH/USD,1558.2
17/10/2023 00:00,ETH/USD,1600.8
18/10/2023 00:00,ETH/USD,1565.6
19/10/2023 00:00,ETH/USD,1563.5
20/10/2023 00:00,ETH/USD,1568.5
21/10/2023 00:00,ETH/USD,1604.6
22/10/2023 00:00,ETH/USD,1629.4
23/10/2023 00:00,ETH/USD,1665.1
24/10/2023 00:00,ETH/USD,1766.3
25/10/2023 00:00,ETH/USD,1786.5
26/10/2023 00:00,ETH/USD,1787.5
27/10/2023 00:00,ETH/USD,1804.3
28/10/2023 00:00,ETH/USD,1780.8
29/10/2023 00:00,ETH/USD,1777.2
30/10/2023 00:00,ETH/USD,1796.9
31/10/2023 00:00,ETH/USD,1810.1
01/11/2023 00:00,ETH/USD,1815.8
02/11/2023 00:00,ETH/USD,1848.4
03/11/2023 00:00,ETH/USD,1801.3
04/11/2023 00:00,ETH/USD,1835.2
05/11/2023 00:00,ETH/USD,1858.8
06/11/2023 00:00,ETH/USD,1894.3
07/11/2023 00:00,ETH/USD,1902.1
08/11/2023 00:00,ETH/USD,1887.3
09/11/2023 00:00,ETH/USD,1888.6
10/11/2023 00:00,ETH/USD,2120.9
11/11/2023 00:00,ETH/USD,2078.4
12/11/2023 00:00,ETH/USD,2053.5
13/11/2023 00:00,ETH/USD,2042.9
14/11/2023 00:00,ETH/USD,2054.9
15/11/2023 00:00,ETH/USD,1980
16/11/2023 00:00,ETH/USD,2059.8
17/11/2023 00:00,ETH/USD,1962.1
18/11/2023 00:00,ETH/USD,1961.5
19/11/2023 00:00,ETH/USD,1963.4
20/11/2023 00:00,ETH/USD,2013.1
21/11/2023 00:00,ETH/USD,2021.6
22/11/2023 00:00,ETH/USD,1933.2
23/11/2023 00:00,ETH/USD,2064.2
24/11/2023 00:00,ETH/USD,2061.6
25/11/2023 00:00,ETH/USD,2080.9
26/11/2023 00:00,ETH/USD,2083.3
27/11/2023 00:00,ETH/USD,2062.5
28/11/2023 00:00,ETH/USD,2027.3
29/11/2023 00:00,ETH/USD,2045.8
30/11/2023 00:00,ETH/USD,2028.2
01/12/2023 00:00,ETH/USD,2052.7
02/12/2023 00:00,ETH/USD,2087.2
03/12/2023 00:00,ETH/USD,2163.9
04/12/2023 00:00,ETH/USD,2192.1
05/12/2023 00:00,ETH/USD,2241.4
06/12/2023 00:00,ETH/USD,2295.5
07/12/2023 00:00,ETH/USD,2235.3
08/12/2023 00:00,ETH/USD,2356.5
09/12/2023 00:00,ETH/USD,2359.2
10/12/2023 00:00,ETH/USD,2342.5
11/12/2023 00:00,ETH/USD,2353.6
12/12/2023 00:00,ETH/USD,2226.3
13/12/2023 00:00,ETH/USD,2204.5
14/12/2023 00:00,ETH/USD,2262.1
15/12/2023 00:00,ETH/USD,2317.5
16/12/2023 00:00,ETH/USD,2223.9
17/12/2023 00:00,ETH/USD,2232.3
18/12/2023 00:00,ETH/USD,2198.1
19/12/2023 00:00,ETH/USD,2220.7
20/12/2023 00:00,ETH/USD,2180.1
21/12/2023 00:00,ETH/USD,2201.6
22/12/2023 00:00,ETH/USD,2242.3
23/12/2023 00:00,ETH/USD,2329.7
24/12/2023 00:00,ETH/USD,2312.6
25/12/2023 00:00,ETH/USD,2267.1
26/12/2023 00:00,ETH/USD,2274.2
27/12/2023 00:00,ETH/USD,2233.1
28/12/2023 00:00,ETH/USD,2380.7
29/12/2023 00:00,ETH/USD,2346.5
30/12/2023 00:00,ETH/USD,2299.7
31/12/2023 00:00,ETH/USD,2294
01/01/2024 00:00,ETH/USD,2286.5
02/01/2024 00:00,ETH/USD,2352.7
03/01/2024 00:00,ETH/USD,2358.2
04/01/2024 00:00,ETH/USD,2211.3
05/01/2024 00:00,ETH/USD,2271
06/01/2024 00:00,ETH/USD,2271.6
07/01/2024 00:00,ETH/USD,2242.9
08/01/2024 00:00,ETH/USD,2223.6
09/01/2024 00:00,ETH/USD,2333
10/01/2024 00:00,ETH/USD,2344.5
11/01/2024 00:00,ETH/USD,2583.3
12/01/2024 00:00,ETH/USD,2618.5
13/01/2024 00:00,ETH/USD,2527
14/01/2024 00:00,ETH/USD,2577.5
15/01/2024 00:00,ETH/USD,2474.6
16/01/2024 00:00,ETH/USD,2512.2
17/01/2024 00:00,ETH/USD,2588.6
18/01/2024 00:00,ETH/USD,2530.4
19/01/2024 00:00,ETH/USD,2470.9
20/01/2024 00:00,ETH/USD,2493.4
21/01/2024 00:00,ETH/USD,2475.8
22/01/2024 00:00,ETH/USD,2462.5
23/01/2024 00:00,ETH/USD,2315.7
24/01/2024 00:00,ETH/USD,2244.6
25/01/2024 00:00,ETH/USD,2236.5
26/01/2024 00:00,ETH/USD,2220.5
27/01/2024 00:00,ETH/USD,2268.1
28/01/2024 00:00,ETH/USD,2267.7
