date,Bitcoin (:BTC_over_USD),Ethereum (:ETH_over_USD)
2016-03-09,410.35,10.3
2016-03-10,413.01,11.2
2016-03-11,416.63,11.75
2016-03-12,420.22,11.95
2016-03-13,410.56,12.92
2016-03-14,412.26,15.07
2016-03-15,415.99,12.63
2016-03-16,416.2,13.06
2016-03-17,417.48,12.58
2016-03-18,417.96,11.09
2016-03-19,407.55,10.97
2016-03-20,409.01,10.55
2016-03-21,411.0,10.18
2016-03-22,411.05,11.53
2016-03-23,417.4,11.37
2016-03-24,417.32,12.43
2016-03-25,414.62,11.32
2016-03-26,416.16,10.67
2016-03-27,416.71,10.93
2016-03-28,426.73,10.4
2016-03-29,424.03,11.78
2016-03-30,415.21,11.79
2016-03-31,414.98,11.92
2016-04-01,416.21,11.41
2016-04-02,417.55,11.65
2016-04-03,420.49,11.61
2016-04-04,420.96,11.6
2016-04-05,420.01,11.15
2016-04-06,424.0,10.4
2016-04-07,422.34,10.76
2016-04-08,421.34,10.05
2016-04-09,418.42,9.692
2016-04-10,418.36,9.15
2016-04-11,421.43,8.56
2016-04-12,424.99,8.531
2016-04-13,426.01,7.483
2016-04-14,424.71,8.081
2016-04-15,426.01,8.392
2016-04-16,431.32,8.23
2016-04-17,432.32,8.7
2016-04-18,428.97,9.302
2016-04-19,430.27,8.973
2016-04-20,438.35,8.73
2016-04-21,443.1,8.614
2016-04-22,452.04,8.23
2016-04-23,447.8,7.948
2016-04-24,453.68,8.348
2016-04-25,463.22,8.05
2016-04-26,463.89,7.56
2016-04-27,468.59,7.398
2016-04-28,444.98,7.725
2016-04-29,450.6,7.234
2016-04-30,455.97,7.45
2016-05-01,447.78,8.742
2016-05-02,451.82,8.828
2016-05-03,443.81,10.01
2016-05-04,450.87,9.382
2016-05-05,447.25,9.4
2016-05-06,448.6,9.849
2016-05-07,461.52,9.449
2016-05-08,459.04,9.414
2016-05-09,458.4,9.51
2016-05-10,461.99,9.311
2016-05-11,451.84,9.382
2016-05-12,451.67,9.919
2016-05-13,455.1,10.09
2016-05-14,456.25,10.6
2016-05-15,455.79,10.25
2016-05-16,457.77,10.01
2016-05-17,453.02,11.15
2016-05-18,452.59,12.28
2016-05-19,453.94,13.4
2016-05-20,436.23,14.74
2016-05-21,442.11,13.6
2016-05-22,440.65,14.06
2016-05-23,437.78,14.21
2016-05-24,443.24,13.38
2016-05-25,445.84,12.84
2016-05-26,448.85,12.52
2016-05-27,453.99,12.4
2016-05-28,472.99,10.99
2016-05-29,527.0,11.8
2016-05-30,531.05,12.44
2016-05-31,535.66,12.78
2016-06-01,531.04,14.07
2016-06-02,536.02,13.94
2016-06-03,539.52,13.82
2016-06-04,570.0,13.9
2016-06-05,573.74,13.75
2016-06-06,575.28,14.0
2016-06-07,585.95,13.94
2016-06-08,576.6,14.6
2016-06-09,578.23,14.51
2016-06-10,576.3,14.44
2016-06-11,581.2,13.95
2016-06-12,611.28,14.3
2016-06-13,666.39,15.75
2016-06-14,700.21,17.65
2016-06-15,681.28,18.7
2016-06-16,713.99,18.61
2016-06-17,772.14,20.86
2016-06-18,748.0,15.19
2016-06-19,755.86,10.76
2016-06-20,763.45,12.33
2016-06-21,694.06,11.67
2016-06-22,673.2,13.75
2016-06-23,595.88,13.26
2016-06-24,627.5,13.76
2016-06-25,665.63,14.39
2016-06-26,665.06,14.22
2016-06-27,623.0,13.71
2016-06-28,660.98,13.95
2016-06-29,644.98,12.08
2016-06-30,641.85,12.64
2016-07-01,669.5,12.5
2016-07-02,675.83,12.17
2016-07-03,702.46,12.06
2016-07-04,659.93,11.65
2016-07-05,680.07,11.42
2016-07-06,669.65,10.37
2016-07-07,677.01,10.58
2016-07-08,640.57,10.16
2016-07-09,661.18,11.37
2016-07-10,647.02,10.83
2016-07-11,650.59,10.95
2016-07-12,648.83,10.48
2016-07-13,667.31,10.55
2016-07-14,656.64,10.7
2016-07-15,660.6,11.5
2016-07-16,667.49,11.95
2016-07-17,664.41,11.72
2016-07-18,683.99,11.31
2016-07-19,673.19,11.09
2016-07-20,675.08,11.7
2016-07-21,665.6,12.52
2016-07-22,663.65,12.67
2016-07-23,649.29,14.55
2016-07-24,655.77,14.33
2016-07-25,663.6,12.86
2016-07-26,653.28,13.55
2016-07-27,653.35,12.01
2016-07-28,656.93,12.93
2016-07-29,656.44,12.87
2016-07-30,659.79,12.85
2016-07-31,653.9,12.45
2016-08-01,623.54,12.0
2016-08-02,611.38,11.04
2016-08-03,604.1,10.16
2016-08-04,604.1,10.16
2016-08-05,604.1,10.16
2016-08-06,604.1,10.16
2016-08-07,604.1,10.16
2016-08-08,604.1,10.16
2016-08-09,604.1,10.16
2016-08-10,609.0,11.99
2016-08-11,590.07,11.9
2016-08-12,591.91,11.71
2016-08-13,585.6,11.69
2016-08-14,582.18,11.48
2016-08-15,569.95,11.16
2016-08-16,566.47,11.15
2016-08-17,574.51,11.07
2016-08-18,571.81,10.72
2016-08-19,572.15,10.69
2016-08-20,573.68,10.69
2016-08-21,580.91,11.26
2016-08-22,581.91,11.2
2016-08-23,587.61,11.14
2016-08-24,583.47,11.03
2016-08-25,580.76,10.98
2016-08-26,577.24,11.39
2016-08-27,578.07,11.26
2016-08-28,569.45,11.11
2016-08-29,575.98,10.94
2016-08-30,574.77,11.03
2016-08-31,578.99,11.33
2016-09-01,577.14,11.66
2016-09-02,571.76,12.22
2016-09-03,580.56,12.13
2016-09-04,608.07,11.88
2016-09-05,611.73,11.73
2016-09-06,611.91,11.85
2016-09-07,615.49,11.73
2016-09-08,619.19,11.64
2016-09-09,631.99,11.45
2016-09-10,626.27,11.72
2016-09-11,626.37,12.13
2016-09-12,611.52,11.8
2016-09-13,611.8,12.0
2016-09-14,614.27,12.01
2016-09-15,613.89,11.94
2016-09-16,611.83,12.0
2016-09-17,610.01,12.6
2016-09-18,608.05,12.73
2016-09-19,612.69,12.49
2016-09-20,610.0,13.15
2016-09-21,598.05,14.3
2016-09-22,597.39,13.65
2016-09-23,595.95,13.3
2016-09-24,603.29,13.39
2016-09-25,602.81,12.86
2016-09-26,600.34,13.14
2016-09-27,609.53,12.9
2016-09-28,605.64,13.08
2016-09-29,604.08,13.25
2016-09-30,605.04,13.1
2016-10-01,613.72,13.25
2016-10-02,614.08,13.18
2016-10-03,610.03,13.22
2016-10-04,612.43,13.44
2016-10-05,611.0,13.33
2016-10-06,614.05,13.11
2016-10-07,613.55,12.84
2016-10-08,620.28,12.73
2016-10-09,620.76,12.26
2016-10-10,616.54,12.03
2016-10-11,619.24,11.76
2016-10-12,643.17,11.84
2016-10-13,637.17,11.72
2016-10-14,637.46,12.07
2016-10-15,643.37,11.96
2016-10-16,640.44,12.01
2016-10-17,644.5,11.98
2016-10-18,639.94,12.0
2016-10-19,639.33,12.54
2016-10-20,630.88,11.99
2016-10-21,632.39,12.1
2016-10-22,635.91,12.16
2016-10-23,670.7,12.25
2016-10-24,658.0,12.07
2016-10-25,654.64,11.99
2016-10-26,659.32,11.36
2016-10-27,678.7,11.5
2016-10-28,686.0,11.57
2016-10-29,692.92,11.15
2016-10-30,706.03,10.38
2016-10-31,701.74,11.28
2016-11-01,701.6,10.96
2016-11-02,731.41,10.81
2016-11-03,747.18,10.94
2016-11-04,696.91,10.86
2016-11-05,706.83,11.23
2016-11-06,709.23,11.15
2016-11-07,712.71,10.91
2016-11-08,704.78,10.88
2016-11-09,714.01,10.92
2016-11-10,724.39,10.66
2016-11-11,714.87,10.54
2016-11-12,714.8,10.27
2016-11-13,703.4,10.01
2016-11-14,703.97,10.08
2016-11-15,705.01,10.0
2016-11-16,711.02,10.19
2016-11-17,746.3,10.02
2016-11-18,738.46,9.964
2016-11-19,753.97,9.539
2016-11-20,752.04,9.682
2016-11-21,729.99,9.538
2016-11-22,739.0,9.611
2016-11-23,750.4,9.89
2016-11-24,742.4,9.693
2016-11-25,736.62,9.173
2016-11-26,740.42,9.381
2016-11-27,731.26,9.332
2016-11-28,725.76,8.97
2016-11-29,731.99,8.699
2016-11-30,730.72,8.16
2016-12-01,740.0,8.608
2016-12-02,755.43,8.43
2016-12-03,774.6,7.76
2016-12-04,764.27,7.846
2016-12-05,767.84,7.405
2016-12-06,752.51,6.682
2016-12-07,756.97,7.6
2016-12-08,765.01,8.349
2016-12-09,767.2,8.101
2016-12-10,770.03,8.416
2016-12-11,773.71,8.136
2016-12-12,770.21,8.195
2016-12-13,778.0,8.488
2016-12-14,776.16,8.44
2016-12-15,775.08,8.155
2016-12-16,777.79,7.861
2016-12-17,784.47,7.855
2016-12-18,790.99,7.881
2016-12-19,790.13,7.93
2016-12-20,790.67,7.628
2016-12-21,796.27,7.683
2016-12-22,830.0,7.84
2016-12-23,859.19,7.545
2016-12-24,919.5,7.11
2016-12-25,893.67,7.253
2016-12-26,903.53,7.11
2016-12-27,905.68,7.274
2016-12-28,943.14,7.2
2016-12-29,977.41,7.616
2016-12-30,970.0,8.267
2016-12-31,960.25,8.17
2017-01-01,965.03,8.172
2017-01-02,998.01,8.191
2017-01-03,1020.7,8.426
2017-01-04,1038.9,9.569
2017-01-05,1128.8,11.16
2017-01-06,1003.9,10.23
2017-01-07,896.9,10.09
2017-01-08,905.2,9.796
2017-01-09,914.78,10.43
2017-01-10,902.01,10.43
2017-01-11,908.89,10.61
2017-01-12,748.34,9.484
2017-01-13,814.8,9.831
2017-01-14,833.37,9.72
2017-01-15,820.02,9.673
2017-01-16,820.3,9.72
2017-01-17,830.98,9.536
2017-01-18,906.4,10.3
2017-01-19,892.49,10.31
2017-01-20,901.7,10.38
2017-01-21,894.47,10.64
2017-01-22,925.7,10.91
2017-01-23,924.07,10.64
2017-01-24,894.29,10.58
2017-01-25,887.66,10.52
2017-01-26,898.21,10.49
2017-01-27,916.01,10.52
2017-01-28,916.37,10.5
2017-01-29,919.53,10.49
2017-01-30,911.01,10.44
2017-01-31,917.3,10.5
2017-02-01,966.19,10.71
2017-02-02,985.97,10.71
2017-02-03,1005.7,10.78
2017-02-04,1018.8,11.0
2017-02-05,1030.1,11.32
2017-02-06,1007.5,11.18
2017-02-07,1022.3,11.31
2017-02-08,1056.4,11.45
2017-02-09,1053.4,11.35
2017-02-10,988.0,10.95
2017-02-11,993.5,11.27
2017-02-12,1000.5,11.33
2017-02-13,996.46,11.33
2017-02-14,996.83,11.32
2017-02-15,1013.8,13.02
2017-02-16,1013.9,12.92
2017-02-17,1038.5,12.92
2017-02-18,1056.2,12.76
2017-02-19,1059.8,12.79
2017-02-20,1056.2,12.8
2017-02-21,1091.2,12.4
2017-02-22,1129.6,12.82
2017-02-23,1125.5,12.68
2017-02-24,1189.8,13.27
2017-02-25,1185.4,13.11
2017-02-26,1153.0,13.55
2017-02-27,1178.3,14.57
2017-02-28,1195.5,15.5
2017-03-01,1189.1,15.86
2017-03-02,1233.2,17.43
2017-03-03,1258.0,19.02
2017-03-04,1289.2,19.49
2017-03-05,1267.8,18.5
2017-03-06,1278.4,19.35
2017-03-07,1279.2,19.51
2017-03-08,1232.4,18.88
2017-03-09,1150.0,16.51
2017-03-10,1190.4,17.75
2017-03-11,1115.4,19.18
2017-03-12,1172.4,21.3
2017-03-13,1224.4,23.2
2017-03-14,1238.5,28.4
2017-03-15,1245.0,28.66
2017-03-16,1256.1,34.8
2017-03-17,1168.6,45.07
2017-03-18,1070.4,44.65
2017-03-19,971.5,34.2
2017-03-20,1016.5,43.17
2017-03-21,1040.5,42.06
2017-03-22,1115.9,42.45
2017-03-23,1039.1,41.46
2017-03-24,1032.7,43.14
2017-03-25,942.13,54.01
2017-03-26,972.17,50.75
2017-03-27,968.9,50.46
2017-03-28,1042.7,48.93
2017-03-29,1044.7,50.16
2017-03-30,1041.8,52.88
2017-03-31,1041.2,51.62
2017-04-01,1081.5,49.72
2017-04-02,1093.5,50.59
2017-04-03,1107.5,48.6
2017-04-04,1150.1,44.28
2017-04-05,1145.8,44.41
2017-04-06,1140.4,45.35
2017-04-07,1191.5,43.11
2017-04-08,1196.6,42.25
2017-04-09,1188.1,44.51
2017-04-10,1215.9,43.94
2017-04-11,1220.3,44.17
2017-04-12,1235.6,44.21
2017-04-13,1227.4,46.85
2017-04-14,1187.0,50.65
2017-04-15,1206.8,48.5
2017-04-16,1193.3,49.71
2017-04-17,1212.0,49.58
2017-04-18,1240.0,49.52
2017-04-19,1265.4,52.42
2017-04-20,1260.5,49.66
2017-04-21,1308.5,51.96
2017-04-22,1327.1,51.37
2017-04-23,1346.4,52.15
2017-04-24,1355.2,53.33
2017-04-25,1345.0,53.54
2017-04-26,1371.1,53.9
2017-04-27,1400.0,57.31
2017-04-28,1440.3,68.0
2017-04-29,1415.6,76.0
2017-04-30,1423.6,73.55
2017-05-01,1435.0,83.51
2017-05-02,1533.0,81.4
2017-05-03,1558.5,82.01
2017-05-04,1619.0,85.79
2017-05-05,1607.1,99.2
2017-05-06,1545.1,91.5
2017-05-07,1597.0,96.65
2017-05-08,1619.9,94.21
2017-05-09,1703.5,88.97
2017-05-10,1760.0,88.94
2017-05-11,1796.9,88.33
2017-05-12,1853.9,89.38
2017-05-13,1735.0,86.99
2017-05-14,1819.5,89.9
2017-05-15,1827.3,90.37
2017-05-16,1772.0,92.56
2017-05-17,1786.2,88.17
2017-05-18,1870.0,89.67
2017-05-19,1941.5,98.6
2017-05-20,1966.5,124.4
2017-05-21,2059.3,123.03
2017-05-22,2026.6,146.14
2017-05-23,2087.3,154.92
2017-05-24,2249.6,168.24
2017-05-25,2395.5,183.88
2017-05-26,2268.1,168.71
2017-05-27,2125.9,152.8
2017-05-28,1980.2,149.99
2017-05-29,2056.9,161.91
2017-05-30,2207.4,189.99
2017-05-31,2146.7,224.69
2017-06-01,2191.83,218.34
2017-06-02,2312.0,211.4
2017-06-03,2405.9,214.77
2017-06-04,2461.0,217.01
2017-06-05,2488.2,241.06
2017-06-06,2636.9,242.16
2017-06-07,2844.6,261.89
2017-06-08,2644.0,250.7
2017-06-09,2781.5,256.95
2017-06-10,2809.0,278.41
2017-06-11,2806.0,325.88
2017-06-12,2941.8,336.33
2017-06-13,2569.6,386.9
2017-06-14,2677.1,382.7
2017-06-15,2394.3,335.95
2017-06-16,2377.5,338.7
2017-06-17,2437.5,348.44
2017-06-18,2610.1,364.56
2017-06-19,2491.4,348.88
2017-06-20,2582.0,355.5
2017-06-21,2715.3,344.15
2017-06-22,2624.4,321.66
2017-06-23,2672.8,320.94
2017-06-24,2674.9,324.37
2017-06-25,2502.6,296.89
2017-06-26,2483.3,277.0
2017-06-27,2393.6,251.3
2017-06-28,2521.2,279.0
2017-06-29,2518.2,311.62
2017-06-30,2472.4,285.3
2017-07-01,2420.6,275.62
2017-07-02,2346.2,255.0
2017-07-03,2445.1,277.64
2017-07-04,2524.0,273.99
2017-07-05,2579.9,266.68
2017-07-06,2598.6,264.77
2017-07-07,2593.2,265.35
2017-07-08,2479.3,238.38
2017-07-09,2542.0,245.23
2017-07-10,2477.9,234.97
2017-07-11,2318.3,202.0
2017-07-12,2283.8,188.63
2017-07-13,2375.6,223.92
2017-07-14,2330.1,205.0
2017-07-15,2206.5,196.49
2017-07-16,1978.6,170.15
2017-07-17,1925.0,157.4
2017-07-18,2220.0,190.16
2017-07-19,2302.8,226.56
2017-07-20,2253.4,194.63
2017-07-21,2865.1,227.29
2017-07-22,2659.0,216.11
2017-07-23,2844.7,232.01
2017-07-24,2750.1,228.15
2017-07-25,2769.7,226.59
2017-07-26,2560.9,202.7
2017-07-27,2527.74,203.33
2017-07-28,2664.6,202.54
2017-07-29,2784.8,191.2
2017-07-30,2713.1,206.76
2017-07-31,2748.2,195.31
2017-08-01,2854.3,200.81
2017-08-02,2731.3,225.97
2017-08-03,2702.0,218.0
2017-08-04,2790.3,224.79
2017-08-05,2860.0,220.73
2017-08-06,3252.3,253.87
2017-08-07,3232.1,264.29
2017-08-08,3396.0,269.51
2017-08-09,3415.0,295.83
2017-08-10,3340.4,293.99
2017-08-11,3405.0,295.97
2017-08-12,3643.4,308.81
2017-08-13,3866.2,307.22
2017-08-14,4061.6,296.64
2017-08-15,4320.8,298.22
2017-08-16,4151.8,286.0
2017-08-17,4386.4,301.34
2017-08-18,4263.0,299.0
2017-08-19,4090.1,292.0
2017-08-20,4145.0,292.78
2017-08-21,4063.1,298.37
2017-08-22,3998.2,322.24
2017-08-23,4081.9,312.54
2017-08-24,4130.2,316.5
2017-08-25,4322.1,325.62
2017-08-26,4351.5,328.7
2017-08-27,4340.4,332.72
2017-08-28,4332.8,348.01
2017-08-29,4385.1,347.09
2017-08-30,4587.1,372.0
2017-08-31,4568.0,382.78
2017-09-01,4718.3,387.3
2017-09-02,4907.7,390.35
2017-09-03,4532.3,345.0
2017-09-04,4598.5,350.63
2017-09-05,4205.0,295.81
2017-09-06,4375.0,316.18
2017-09-07,4595.8,337.36
2017-09-08,4613.7,334.1
2017-09-09,4304.0,304.0
2017-09-10,4315.9,303.08
2017-09-11,4233.9,297.9
2017-09-12,4198.7,297.19
2017-09-13,4149.4,293.9
2017-09-14,3849.7,275.48
2017-09-15,3235.3,222.5
2017-09-16,3697.1,258.68
2017-09-17,3681.5,253.0
2017-09-18,3666.6,257.0
2017-09-19,4084.4,296.81
2017-09-20,3892.2,282.63
2017-09-21,3872.4,283.5
2017-09-22,3596.7,256.67
2017-09-23,3602.3,262.19
2017-09-24,3779.6,285.9
2017-09-25,3654.7,282.0
2017-09-26,3930.1,295.2
2017-09-27,3881.5,289.28
2017-09-28,4209.7,309.75
2017-09-29,4190.0,302.63
2017-09-30,4168.0,292.66
2017-10-01,4367.1,303.44
2017-10-02,4404.3,304.26
2017-10-03,4400.2,296.82
2017-10-04,4310.6,291.69
2017-10-05,4215.9,291.4
2017-10-06,4312.0,295.12
2017-10-07,4370.0,308.43
2017-10-08,4435.6,311.46
2017-10-09,4611.9,309.82
2017-10-10,4782.3,297.4
2017-10-11,4777.7,299.32
2017-10-12,4824.9,303.2
2017-10-13,5440.0,303.06
2017-10-14,5636.8,337.46
2017-10-15,5833.5,339.24
2017-10-16,5713.9,337.23
2017-10-17,5764.8,334.46
2017-10-18,5597.1,315.65
2017-10-19,5567.0,313.45
2017-10-20,5694.2,306.97
2017-10-21,5983.8,302.61
2017-10-22,6005.1,299.23
2017-10-23,5981.3,293.55
2017-10-24,5907.3,284.85
2017-10-25,5510.0,296.3
2017-10-26,5724.1,295.46
2017-10-27,5890.0,295.1
2017-10-28,5759.7,295.99
2017-10-29,5720.3,293.49
2017-10-30,6150.0,304.39
2017-10-31,6130.0,307.0
2017-11-01,6455.1,303.69
2017-11-02,6739.6,288.6
2017-11-03,7018.8,284.89
2017-11-04,7132.0,303.47
2017-11-05,7369.9,299.48
2017-11-06,7366.7,295.63
2017-11-07,6956.5,296.9
2017-11-08,7102.0,291.42
2017-11-09,7446.1,307.5
2017-11-10,7126.4,319.52
2017-11-11,6541.2,296.18
2017-11-12,6312.6,313.07
2017-11-13,5830.9,303.9
2017-11-14,6466.7,313.22
2017-11-15,6590.0,334.28
2017-11-16,7265.84,330.59
2017-11-17,7865.2,331.16
2017-11-18,7675.9,331.0
2017-11-19,7773.3,346.68
2017-11-20,8050.0,354.7
2017-11-21,8248.8,367.94
2017-11-22,8096.9,360.0
2017-11-23,8230.2,380.48
2017-11-24,7999.9,405.19
2017-11-25,8195.2,469.89
2017-11-26,8753.4,464.0
2017-11-27,8758.8,464.0
2017-11-28,9723.6,473.44
2017-11-29,9880.0,465.56
2017-11-30,9727.0,420.34
2017-12-01,9912.6,432.21
2017-12-02,10860.0,460.67
2017-12-03,10877.0,455.51
2017-12-04,11162.0,459.49
2017-12-05,11599.0,465.0
2017-12-06,11592.0,451.87
2017-12-07,13510.0,413.71
2017-12-08,16600.0,415.02
2017-12-09,15851.0,442.19
2017-12-10,14603.0,460.92
2017-12-11,14905.0,429.24
2017-12-12,16753.0,515.25
2017-12-13,16968.0,634.87
2017-12-14,16171.0,690.69
2017-12-15,16384.0,686.51
2017-12-16,17569.0,678.29
2017-12-17,19210.0,683.25
2017-12-18,18961.0,708.78
2017-12-19,18928.0,783.99
2017-12-20,17345.0,799.98
2017-12-21,16425.0,794.99
2017-12-22,15645.0,786.97
2017-12-23,13173.0,628.19
2017-12-24,14035.0,672.59
2017-12-25,13477.0,659.89
2017-12-26,13633.0,709.81
2017-12-27,15680.0,749.8
2017-12-28,15375.0,736.45
2017-12-29,14323.0,711.42
2017-12-30,14307.0,731.52
2017-12-31,12384.0,682.22
2018-01-01,13769.0,736.77
2018-01-02,13376.0,752.46
2018-01-03,14722.0,858.78
2018-01-04,15150.0,942.01
2018-01-05,15159.0,939.3
2018-01-06,16911.0,962.77
2018-01-07,17169.0,1004.3
2018-01-08,16214.0,1115.8
2018-01-09,14906.0,1129.0
2018-01-10,14425.0,1283.8
2018-01-11,14900.0,1246.9
2018-01-12,13254.0,1135.1
2018-01-13,13794.0,1257.0
2018-01-14,14199.0,1379.9
2018-01-15,13558.0,1349.7
2018-01-16,13601.0,1276.9
2018-01-17,11063.0,1019.6
2018-01-18,11108.0,1021.6
2018-01-19,11031.0,994.0
2018-01-20,11476.0,1032.6
2018-01-21,12731.0,1146.3
2018-01-22,11514.0,1047.7
2018-01-23,10779.0,997.52
2018-01-24,10811.0,981.8
2018-01-25,11391.0,1061.6
2018-01-26,11147.0,1048.2
2018-01-27,11069.0,1046.9
2018-01-28,11458.0,1113.9
2018-01-29,11829.0,1245.5
2018-01-30,11217.82,1174.3
2018-01-31,10171.0,1076.9
2018-02-01,10267.0,1120.0
2018-02-02,9181.0,1035.0
2018-02-03,8890.9,923.13
2018-02-04,9225.0,972.1
2018-02-05,8185.2,825.3
2018-02-06,6947.2,698.62
2018-02-07,7678.8,782.99
2018-02-08,7586.9,752.8
2018-02-09,8239.7,813.11
2018-02-10,8678.1,878.01
2018-02-11,8563.0,851.09
2018-02-12,8070.5,810.46
2018-02-13,8902.9,866.4
2018-02-14,8511.6,839.83
2018-02-15,9455.5,919.13
2018-02-16,9996.0,925.02
2018-02-17,10162.0,937.38
2018-02-18,11062.0,973.28
2018-02-19,10400.0,913.13
2018-02-20,11172.0,939.19
2018-02-21,11211.0,883.91
2018-02-22,10450.0,837.79
2018-02-23,9826.5,802.85
2018-02-24,10144.0,852.56
2018-02-25,9666.3,831.51
2018-02-26,9581.9,838.47
2018-02-27,10320.0,867.77
2018-02-28,10582.0,871.33
2018-03-01,10315.0,851.26
2018-03-02,10923.0,869.24
2018-03-03,11024.0,854.5
2018-03-04,11454.0,855.29
2018-03-05,11499.0,866.06
2018-03-06,11402.0,848.13
2018-03-07,10720.0,814.45
2018-03-08,9910.6,749.2
2018-03-09,9300.0,697.3
2018-03-10,9216.2,724.61
2018-03-11,8769.9,679.68
2018-03-12,9527.7,719.86
2018-03-13,9130.2,696.52
2018-03-14,9135.2,688.49
2018-03-15,8177.2,610.91
2018-03-16,8250.0,609.9
2018-03-17,8250.0,598.77
2018-03-18,7845.0,548.82
2018-03-19,8200.3,536.73
2018-03-20,8600.2,554.99
2018-03-21,8899.7,556.38
2018-03-22,8888.2,558.78
2018-03-23,8699.3,539.19
2018-03-24,8914.4,543.85
2018-03-25,8522.7,518.8
2018-03-26,8445.0,522.41
2018-03-27,8131.12,485.2
2018-03-28,7784.6,448.22
2018-03-29,7936.0,445.43
2018-03-30,7094.0,384.11
2018-03-31,6840.4,393.08
2018-04-01,6925.4,393.37
2018-04-02,6816.6,378.67
2018-04-03,7053.3,384.25
2018-04-04,7405.6,415.44
2018-04-05,6785.9,377.99
2018-04-06,6769.0,380.99
2018-04-07,6610.0,369.73
2018-04-08,6892.6,384.16
2018-04-09,7023.9,400.33
2018-04-10,6770.0,398.82
2018-04-11,6837.1,415.12
2018-04-12,6943.1,429.74
2018-04-13,7912.0,493.55
2018-04-14,7886.9,495.93
2018-04-15,8003.0,502.44
2018-04-16,8357.5,534.04
2018-04-17,8056.2,511.29
2018-04-18,7888.9,503.13
2018-04-19,8171.0,525.55
2018-04-20,8273.0,566.92
2018-04-21,8865.4,616.44
2018-04-22,8912.5,604.62
2018-04-23,8791.4,621.11
2018-04-24,8940.0,643.98
2018-04-25,9646.8,702.98
2018-04-26,8868.4,618.09
2018-04-27,9269.9,661.0
2018-04-28,8920.1,643.49
2018-04-29,9345.7,683.27
2018-04-30,9400.0,689.93
2018-05-01,9240.6,670.33
2018-05-02,9068.2,671.01
2018-05-03,9236.4,688.0
2018-05-04,9759.0,779.39
2018-05-05,9703.0,785.52
2018-05-06,9861.2,819.69
2018-05-07,9658.7,793.79
2018-05-08,9370.0,752.14
2018-05-09,9184.7,747.94
2018-05-10,9318.2,751.86
2018-05-11,9018.0,723.38
2018-05-12,8412.4,677.99
2018-05-13,8470.8,683.32
2018-05-14,8683.6,728.78
2018-05-15,8670.8,727.41
2018-05-16,8467.5,705.06
2018-05-17,8336.1,706.57
2018-05-18,8054.3,667.84
2018-05-19,8238.9,693.61
2018-05-20,8231.0,695.87
2018-05-21,8523.6,715.5
2018-05-22,8398.8,696.13
2018-05-23,7977.85,640.0
2018-05-24,7494.8,576.89
2018-05-25,7576.7,602.52
2018-05-26,7456.7,584.42
2018-05-27,7327.7,585.6
2018-05-28,7339.7,569.0
2018-05-29,7097.9,511.98
2018-05-30,7465.2,566.98
2018-05-31,7375.12,557.01
2018-06-01,7485.8,577.0
2018-06-02,7521.0,579.24
2018-06-03,7638.1,590.44
2018-06-04,7718.0,619.4
2018-06-05,7488.3,591.09
2018-06-06,7621.9,608.69
2018-06-07,7654.0,606.67
2018-06-08,7688.9,605.39
2018-06-09,7615.1,599.9
2018-06-10,7498.5,593.2
2018-06-11,6758.0,523.55
2018-06-12,6873.3,530.77
2018-06-13,6543.9,494.25
2018-06-14,6295.1,476.15
2018-06-15,6633.7,519.85
2018-06-16,6385.0,487.27
2018-06-17,6485.9,497.02
2018-06-18,6438.4,497.08
2018-06-19,6709.2,517.64
2018-06-20,6735.5,538.47
2018-06-21,6760.4,536.26
2018-06-22,6715.2,526.11
2018-06-23,6042.6,461.77
2018-06-24,6151.93,473.47
2018-06-25,6148.04,455.32
2018-06-26,6246.6,459.0
2018-06-27,6073.4,429.32
2018-06-28,6133.09,441.65
2018-06-29,5848.1,420.78
2018-06-30,6208.1,435.7
2018-07-01,6391.5,453.85
2018-07-02,6349.7,452.03
2018-07-03,6617.6,476.8
2018-07-04,6509.0,462.01
2018-07-05,6590.0,467.47
2018-07-06,6531.7,467.52
2018-07-07,6602.2,470.37
2018-07-08,6761.8,486.72
2018-07-09,6707.0,486.1
2018-07-10,6666.9,471.55
2018-07-11,6301.8,432.44
2018-07-12,6377.8,445.14
2018-07-13,6249.0,431.0
2018-07-14,6220.0,432.17
2018-07-15,6250.0,433.5
2018-07-16,6347.2,449.9
2018-07-17,6729.2,479.1
2018-07-18,7319.8,499.11
2018-07-19,7379.4,478.97
2018-07-20,7473.5,468.64
2018-07-21,7333.1,449.13
2018-07-22,7403.4,460.74
2018-07-23,7397.6,457.99
2018-07-24,7718.9,449.6
2018-07-25,8390.0,479.33
2018-07-26,8178.4,471.89
2018-07-27,7939.0,462.3
2018-07-28,8188.0,470.21
2018-07-29,8235.6,469.25
2018-07-30,8221.0,466.47
2018-07-31,8179.5,456.65
2018-08-01,7731.3,431.98
2018-08-02,7606.0,420.03
2018-08-03,7535.2,410.89
2018-08-04,7420.0,417.66
2018-08-05,7013.22,407.0
2018-08-06,7025.8,408.75
2018-08-07,6941.2,404.95
2018-08-08,6718.8,377.82
2018-08-09,6280.7,355.62
2018-08-10,6533.6,363.27
2018-08-11,6146.7,331.77
2018-08-12,6233.1,317.84
2018-08-13,6313.9,318.16
2018-08-14,6251.9,283.92
2018-08-15,6189.0,278.38
2018-08-16,6270.2,281.27
2018-08-17,6315.6,286.87
2018-08-18,6584.05,317.68
2018-08-19,6391.2,294.3
2018-08-20,6485.1,299.37
2018-08-21,6255.9,270.71
2018-08-22,6479.1,281.25
2018-08-23,6362.1,270.5
2018-08-24,6527.2,275.86
2018-08-25,6693.6,281.28
2018-08-26,6732.9,277.29
2018-08-27,6707.0,274.34
2018-08-28,6909.4,288.17
2018-08-29,7079.9,295.59
2018-08-30,7039.0,288.76
2018-08-31,6986.0,284.11
2018-09-01,7014.6,281.63
2018-09-02,7197.4,295.72
2018-09-03,7300.0,295.23
2018-09-04,7267.8,289.28
2018-09-05,7358.9,285.34
2018-09-06,6704.0,228.39
2018-09-07,6516.1,229.74
2018-09-08,6397.0,215.17
2018-09-09,6184.94,196.7
2018-09-10,6239.9,196.04
2018-09-11,6314.9,197.29
2018-09-12,6290.9,185.21
2018-09-13,6332.42,183.17
2018-09-14,6489.0,211.09
2018-09-15,6480.1,208.49
2018-09-16,6512.8,221.48
2018-09-17,6498.4,220.16
2018-09-18,6252.0,196.03
2018-09-19,6335.4,208.36
2018-09-20,6390.9,209.83
2018-09-21,6493.91,225.0
2018-09-22,6762.1,247.8
2018-09-23,6723.0,241.0
2018-09-24,6710.0,244.7
2018-09-25,6585.1,227.85
2018-09-26,6442.8,219.26
2018-09-27,6462.4,214.26
2018-09-28,6691.2,229.26
2018-09-29,6635.2,221.92
2018-09-30,6597.3,231.52
2018-10-01,6622.4,232.86
2018-10-02,6601.9,231.49
2018-10-03,6527.6,225.97
2018-10-04,6503.2,220.74
2018-10-05,6590.4,222.36
2018-10-06,6639.9,228.54
2018-10-07,6595.2,225.31
2018-10-08,6609.4,226.28
2018-10-09,6673.2,230.2
2018-10-10,6663.0,228.58
2018-10-11,6630.07,226.7
2018-10-12,6251.9,191.16
2018-10-13,6291.9,197.02
2018-10-14,6326.5,201.23
2018-10-15,6336.4,196.75
2018-10-16,6742.0,214.31
2018-10-17,6754.2,215.12
2018-10-18,6736.0,212.83
2018-10-19,6613.2,206.08
2018-10-20,6525.1,204.93
2018-10-21,6586.7,208.16
2018-10-22,6590.9,207.29
2018-10-23,6567.3,206.56
2018-10-24,6550.0,205.9
2018-10-25,6554.1,205.23
2018-10-26,6528.0,203.68
2018-10-27,6531.5,205.03
2018-10-28,6500.2,204.23
2018-10-29,6490.1,204.97
2018-10-30,6346.5,196.91
2018-10-31,6330.1,197.33
2018-11-01,6368.39,198.7
2018-11-02,6406.1,199.81
2018-11-03,6427.0,202.22
2018-11-04,6389.1,200.3
2018-11-05,6491.7,212.3
2018-11-06,6470.2,210.83
2018-11-07,6522.2,220.83
2018-11-08,6572.9,218.98
2018-11-09,6475.3,212.7
2018-11-10,6418.7,211.01
2018-11-11,6431.1,213.2
2018-11-12,6447.9,212.99
2018-11-13,6446.9,212.68
2018-11-14,6459.07,209.85
2018-11-15,5922.4,187.21
2018-11-16,5749.6,184.15
2018-11-17,5655.7,176.95
2018-11-18,5628.3,175.9
2018-11-19,5659.5,178.96
2018-11-20,4920.7,150.93
2018-11-21,4571.0,133.85
2018-11-22,4662.7,138.18
2018-11-23,4369.6,126.3
2018-11-24,4422.7,125.24
2018-11-25,3929.9,114.8
2018-11-26,4089.1,118.72
2018-11-27,3864.1,110.75
2018-11-28,3882.7,111.72
2018-11-29,4305.0,124.05
2018-11-30,4321.9,118.51
2018-12-01,4039.5,113.68
2018-12-02,4241.3,119.65
2018-12-03,4173.0,117.12
2018-12-04,3901.2,109.22
2018-12-05,3981.9,110.77
2018-12-06,3772.9,102.66
2018-12-07,3531.0,91.97
2018-12-08,3460.0,94.79
2018-12-09,3506.0,92.98
2018-12-10,3642.3,96.03
2018-12-11,3524.8,92.2
2018-12-12,3435.28,89.14
2018-12-13,3535.6,91.85
2018-12-14,3354.3,87.9
2018-12-15,3281.7,85.2
2018-12-16,3283.4,85.74
2018-12-17,3301.5,86.56
2018-12-18,3625.0,97.25
2018-12-19,3780.8,104.08
2018-12-20,3810.0,102.36
2018-12-21,4214.5,118.47
2018-12-22,3976.0,111.11
2018-12-23,4135.0,120.49
2018-12-24,4071.7,133.76
2018-12-25,4140.7,142.53
2018-12-26,3909.7,132.99
2018-12-27,3929.9,134.58
2018-12-28,3712.0,118.57
2018-12-29,4036.7,142.15
2018-12-30,3894.0,140.33
2018-12-31,3977.3,144.18
2019-01-01,3830.5,136.0
2019-01-02,3963.1,145.0
2019-01-03,4048.8,159.36
2019-01-04,3924.3,152.42
2019-01-05,3954.9,158.48
2019-01-06,3911.9,158.32
2019-01-07,4168.4,160.84
2019-01-08,4113.9,154.79
2019-01-09,4100.0,152.86
2019-01-10,4083.3,152.65
2019-01-11,3712.8,129.5
2019-01-12,3714.8,128.73
2019-01-13,3702.0,127.41
2019-01-14,3591.0,117.94
2019-01-15,3749.3,131.45
2019-01-16,3654.3,122.6
2019-01-17,3673.6,124.36
2019-01-18,3722.5,125.25
2019-01-19,3675.7,121.84
2019-01-20,3762.3,126.01
2019-01-21,3586.1,119.1
2019-01-22,3579.4,117.5
2019-01-23,3639.1,120.19
2019-01-24,3622.3,118.76
2019-01-25,3652.71,119.05
2019-01-26,3628.9,117.27
2019-01-27,3631.2,117.27
2019-01-28,3597.1,113.43
2019-01-29,3501.89,107.49
2019-01-30,3477.9,106.3
2019-01-31,3529.6,110.62
2019-02-01,3503.8,108.49
2019-02-02,3534.77,108.94
2019-02-03,3564.2,112.71
2019-02-04,3501.74,108.63
2019-02-05,3490.47,108.46
2019-02-06,3513.0,108.69
2019-02-07,3451.9,106.05
2019-02-08,3438.4,105.81
2019-02-09,3724.0,121.21
2019-02-10,3718.3,121.01
2019-02-11,3747.7,127.37
2019-02-12,3681.08,122.68
2019-02-13,3694.2,124.75
2019-02-14,3666.1,123.85
2019-02-15,3656.7,122.55
2019-02-16,3670.1,123.75
2019-02-17,3676.45,124.68
2019-02-18,3735.5,136.15
2019-02-19,3978.1,148.87
2019-02-20,3989.9,146.61
2019-02-21,4055.0,151.41
2019-02-22,4008.8,148.3
2019-02-23,4058.3,151.27
2019-02-24,4212.2,161.54
2019-02-25,3831.3,135.22
2019-02-26,3921.8,141.21
2019-02-27,3897.0,139.37
2019-02-28,3900.1,137.71
2019-03-01,3894.0,138.17
2019-03-02,3914.0,138.5
2019-03-03,3913.0,135.6
2019-03-04,3885.0,133.23
2019-03-05,3800.3,128.39
2019-03-06,3951.6,140.0
2019-03-07,3951.4,140.57
2019-03-08,3964.4,140.04
2019-03-09,3940.5,136.18
2019-03-10,4017.33,140.04
2019-03-11,4000.0,138.2
2019-03-12,3949.1,135.41
2019-03-13,3954.1,136.27
2019-03-14,3946.2,134.52
2019-03-15,3948.3,134.72
2019-03-16,4003.2,139.15
2019-03-17,4088.04,143.79
2019-03-18,4068.9,141.71
2019-03-19,4073.7,140.6
2019-03-20,4104.58,141.64
2019-03-21,4127.16,142.17
2019-03-22,4044.8,136.99
2019-03-23,4045.2,138.0
2019-03-24,4063.2,139.28
2019-03-25,4041.4,137.81
2019-03-26,3970.0,135.14
2019-03-27,3992.7,135.4
2019-03-28,4102.5,141.71
2019-03-29,4092.57,140.26
2019-03-30,4179.0,146.2
2019-03-31,4165.1,144.65
2019-04-01,4167.5,143.78
2019-04-02,4196.8,143.2
2019-04-03,4922.1,165.5
2019-04-04,4978.0,161.17
2019-04-05,4938.9,158.66
2019-04-06,5083.0,167.07
2019-04-07,5091.1,167.08
2019-04-08,5238.0,176.62
2019-04-09,5312.4,181.46
2019-04-10,5216.3,176.8
2019-04-11,5310.1,177.2
2019-04-12,5059.0,165.6
2019-04-13,5114.0,165.3
2019-04-14,5103.74,165.2
2019-04-15,5194.4,169.08
2019-04-16,5042.79,160.33
2019-04-17,5234.4,167.44
2019-04-18,5254.5,167.5
2019-04-19,5310.86,175.13
2019-04-20,5314.1,174.6
2019-04-21,5340.04,174.27
2019-04-22,5321.9,170.6
2019-04-23,5417.8,172.27
2019-04-24,5546.1,170.81
2019-04-25,5479.6,166.7
2019-04-26,5215.6,154.55
2019-04-27,5410.9,160.95
2019-04-28,5401.9,162.79
2019-04-29,5486.8,163.13
2019-04-30,5480.1,162.35
2019-05-01,5599.52,170.5
2019-05-02,5629.5,167.67
2019-05-03,5723.8,169.25
2019-05-04,6017.0,175.29
2019-05-05,6098.1,170.95
2019-05-06,6041.4,171.01
2019-05-07,6027.9,181.6
2019-05-08,6100.0,176.45
2019-05-09,6201.5,177.09
2019-05-10,6262.0,173.42
2019-05-11,6438.7,174.26
2019-05-12,7125.1,190.47
2019-05-13,6983.4,188.25
2019-05-14,7770.7,194.85
2019-05-15,7951.9,216.5
2019-05-16,8136.63,246.78
2019-05-17,7859.7,263.99
2019-05-18,7417.9,246.29
2019-05-19,7260.1,233.52
2019-05-20,8188.3,260.29
2019-05-21,7990.6,251.55
2019-05-22,7931.71,254.39
2019-05-23,7620.0,243.59
2019-05-24,7871.9,245.43
2019-05-25,7990.1,249.58
2019-05-26,8055.0,250.95
2019-05-27,8729.87,268.5
2019-05-28,8806.1,272.55
2019-05-29,8738.1,272.12
2019-05-30,8678.1,270.25
2019-05-31,8270.0,254.31
2019-06-01,8532.67,267.13
2019-06-02,8547.0,264.37
2019-06-03,8740.1,269.4
2019-06-04,8099.2,249.38
2019-06-05,7692.9,241.44
2019-06-06,7789.3,246.26
2019-06-07,7824.7,250.0
2019-06-08,7999.4,249.69
2019-06-09,7924.0,244.36
2019-06-10,7633.3,231.3
2019-06-11,8018.8,248.11
2019-06-12,7905.5,245.1
2019-06-13,8174.0,262.75
2019-06-14,8227.4,254.61
2019-06-15,8689.1,263.69
2019-06-16,8856.0,269.12
2019-06-17,8985.9,268.63
2019-06-18,9354.3,274.0
2019-06-19,9095.0,264.87
2019-06-20,9305.9,269.52
2019-06-21,9557.1,272.82
2019-06-22,10213.04,295.83
2019-06-23,10744.0,311.25
2019-06-24,10913.0,308.56
2019-06-25,11069.0,311.7
2019-06-26,11737.0,316.49
2019-06-27,12876.0,332.0
2019-06-28,11198.92,294.86
2019-06-29,12338.0,308.87
2019-06-30,11920.0,317.42
2019-07-01,10805.0,290.8
2019-07-02,10640.0,295.5
2019-07-03,10885.0,292.94
2019-07-04,11982.0,302.22
2019-07-05,11166.0,283.19
2019-07-06,11003.0,287.95
2019-07-07,11281.0,288.61
2019-07-08,11485.0,306.54
2019-07-09,12301.0,313.39
2019-07-10,12558.0,307.85
2019-07-11,12093.0,288.71
2019-07-12,11340.0,268.38
2019-07-13,11765.0,274.73
2019-07-14,11312.0,268.07
2019-07-15,10204.0,226.19
2019-07-16,10820.88,227.71
2019-07-17,9421.0,198.57
2019-07-18,9682.6,211.06
2019-07-19,10622.0,225.74
2019-07-20,10518.0,221.16
2019-07-21,10740.0,228.44
2019-07-22,10569.43,225.04
2019-07-23,10328.0,217.38
2019-07-24,9859.0,212.34
2019-07-25,9768.97,216.71
2019-07-26,9890.2,219.44
2019-07-27,9840.3,219.06
2019-07-28,9469.0,207.07
2019-07-29,9519.0,210.92
2019-07-30,9507.0,210.81
2019-07-31,9589.0,209.74
2019-08-01,10088.0,218.76
2019-08-02,10400.0,217.56
2019-08-03,10520.0,217.56
2019-08-04,10822.0,222.0
2019-08-05,10973.0,222.41
2019-08-06,11824.0,233.62
2019-08-07,11472.0,226.0
2019-08-08,11999.0,226.35
2019-08-09,12050.0,222.04
2019-08-10,11891.0,210.76
2019-08-11,11311.4,206.57
2019-08-12,11565.36,217.0
2019-08-13,11404.0,211.61
2019-08-14,10904.01,209.25
2019-08-15,10064.56,187.28
2019-08-16,10324.27,188.43
2019-08-17,10369.0,185.61
2019-08-18,10228.0,185.81
2019-08-19,10332.19,194.9
2019-08-20,10938.0,202.66
2019-08-21,10792.14,196.67
2019-08-22,10146.95,187.51
2019-08-23,10117.0,190.69
2019-08-24,10407.47,194.77
2019-08-25,10154.0,191.04
2019-08-26,10132.0,186.31
2019-08-27,10377.0,188.73
2019-08-28,10184.0,187.28
2019-08-29,9727.4,173.21
2019-08-30,9509.4,169.15
2019-08-31,9601.0,168.63
2019-09-01,9623.9,172.13
2019-09-02,9779.1,171.25
2019-09-03,10388.0,178.7
2019-09-04,10641.0,179.39
2019-09-05,10590.0,175.1
2019-09-06,10582.93,174.03
2019-09-07,10305.0,169.35
2019-09-08,10489.0,178.41
2019-09-09,10415.0,181.96
2019-09-10,10317.0,180.8
2019-09-11,10121.0,180.24
2019-09-12,10175.0,178.55
2019-09-13,10452.0,181.35
2019-09-14,10374.0,181.65
2019-09-15,10380.0,189.05
2019-09-16,10321.42,189.64
2019-09-17,10290.0,198.29
2019-09-18,10214.86,208.41
2019-09-19,10185.0,210.9
2019-09-20,10301.0,221.47
2019-09-21,10197.0,218.71
2019-09-22,10013.0,215.56
2019-09-23,10055.0,211.26
2019-09-24,9702.6,201.29
2019-09-25,8538.7,166.54
2019-09-26,8475.3,170.67
2019-09-27,8105.9,166.77
2019-09-28,8213.4,174.61
2019-09-29,8238.2,174.41
2019-09-30,8090.0,169.87
2019-10-01,8331.14,181.94
2019-10-02,8334.9,176.41
2019-10-03,8414.88,181.24
2019-10-04,8258.0,175.36
2019-10-05,8170.0,176.19
2019-10-06,8162.5,176.93
2019-10-07,7882.9,170.56
2019-10-08,8227.0,180.66
2019-10-09,8205.0,181.5
2019-10-10,8607.5,193.51
2019-10-11,8596.0,192.06
2019-10-12,8278.2,181.09
2019-10-13,8319.6,180.16
2019-10-14,8304.9,181.57
2019-10-15,8369.96,187.21
2019-10-16,8191.1,181.02
2019-10-17,8016.0,175.0
2019-10-18,8092.3,177.49
2019-10-19,7987.3,173.64
2019-10-20,7992.9,172.59
2019-10-21,8260.7,176.11
2019-10-22,8243.8,175.02
2019-10-23,8058.8,171.82
2019-10-24,7493.7,162.94
2019-10-25,7453.0,161.18
2019-10-26,8679.1,181.95
2019-10-27,9270.9,180.42
2019-10-28,9571.7,184.58
2019-10-29,9225.7,182.25
2019-10-30,9445.5,191.29
2019-10-31,9184.3,183.82
2019-11-01,9186.6,183.02
2019-11-02,9289.0,183.98
2019-11-03,9332.1,183.92
2019-11-04,9222.4,182.19
2019-11-05,9440.0,187.0
2019-11-06,9339.7,189.44
2019-11-07,9352.8,191.51
2019-11-08,9212.56,186.67
2019-11-09,8782.3,184.0
2019-11-10,8828.05,185.0
2019-11-11,9069.7,189.68
2019-11-12,8737.72,185.1
2019-11-13,8830.0,187.16
2019-11-14,8801.1,188.69
2019-11-15,8655.4,185.06
2019-11-16,8495.83,180.23
2019-11-17,8523.5,182.97
2019-11-18,8537.3,184.53
2019-11-19,8219.5,178.61
2019-11-20,8164.9,176.46
2019-11-21,8126.4,175.27
2019-11-22,7671.1,162.03
2019-11-23,7317.2,150.55
2019-11-24,7352.6,152.77
2019-11-25,6965.3,141.18
2019-11-26,7162.8,146.58
2019-11-27,7198.3,148.35
2019-11-28,7549.3,153.27
2019-11-29,7460.7,151.4
2019-11-30,7796.6,155.53
2019-12-01,7599.88,152.53
2019-12-02,7450.1,151.84
2019-12-03,7350.26,149.77
2019-12-04,7336.02,148.17
2019-12-05,7238.3,146.31
2019-12-06,7440.0,149.05
2019-12-07,7588.3,149.69
2019-12-08,7543.2,148.15
2019-12-09,7564.6,151.41
2019-12-10,7379.52,148.08
2019-12-11,7254.6,146.36
2019-12-12,7230.72,143.91
2019-12-13,7224.1,145.5
2019-12-14,7283.2,145.38
2019-12-15,7100.8,142.56
2019-12-16,7152.7,143.11
2019-12-17,6926.6,133.34
2019-12-18,6667.1,122.81
2019-12-19,7326.2,133.5
2019-12-20,7181.8,128.68
2019-12-21,7212.93,128.9
2019-12-22,7166.4,127.5
2019-12-23,7535.1,132.77
2019-12-24,7347.4,128.22
2019-12-25,7276.9,128.04
2019-12-26,7220.1,125.32
2019-12-27,7232.4,126.15
2019-12-28,7287.0,126.92
2019-12-29,7334.4,128.49
2019-12-30,7413.6,134.9
2019-12-31,7260.9,131.83
2020-01-01,7208.3,129.45
2020-01-02,7212.7,130.94
2020-01-03,6989.4,127.56
2020-01-04,7370.4,134.83
2020-01-05,7370.3,134.55
2020-01-06,7364.6,135.6
2020-01-07,7757.9,144.18
2020-01-08,8154.1,143.09
2020-01-09,8036.8,140.5
2020-01-10,7817.45,137.72
2020-01-11,8183.0,144.57
2020-01-12,8013.63,142.41
2020-01-13,8174.7,146.34
2020-01-14,8095.8,143.47
2020-01-15,8775.0,164.98
2020-01-16,8807.7,166.05
2020-01-17,8720.6,164.03
2020-01-18,8875.4,169.22
2020-01-19,8891.6,173.58
2020-01-20,8698.7,166.8
2020-01-21,8638.2,166.86
2020-01-22,8734.1,169.33
2020-01-23,8663.9,167.7
2020-01-24,8403.57,162.92
2020-01-25,8447.13,162.71
2020-01-26,8353.7,160.47
2020-01-27,8621.5,168.16
2020-01-28,8912.0,170.14
2020-01-29,9397.0,175.99
2020-01-30,9301.56,173.82
2020-01-31,9512.71,184.62
2020-02-01,9367.4,180.19
2020-02-02,9408.0,184.07
2020-02-03,9353.0,188.69
2020-02-04,9309.3,190.41
2020-02-05,9197.4,189.06
2020-02-06,9612.0,203.79
2020-02-07,9744.9,212.59
2020-02-08,9805.2,223.11
2020-02-09,9877.2,222.69
2020-02-10,10151.0,228.23
2020-02-11,9851.2,223.14
2020-02-12,10247.0,237.24
2020-02-13,10338.0,265.49
2020-02-14,10222.0,268.3
2020-02-15,10335.0,284.98
2020-02-16,9900.9,264.96
2020-02-17,9926.8,258.92
2020-02-18,9708.0,268.16
2020-02-19,10184.0,283.0
2020-02-20,9592.4,258.56
2020-02-21,9608.1,257.67
2020-02-22,9692.9,265.5
2020-02-23,9663.0,262.14
2020-02-24,9985.0,275.59
2020-02-25,9674.1,266.11
2020-02-26,9327.5,247.36
2020-02-27,8813.2,224.11
2020-02-28,8825.6,227.41
2020-02-29,8728.2,227.82
2020-03-01,8561.5,218.16
2020-03-02,8556.7,218.57
2020-03-03,8938.4,232.52
2020-03-04,8791.1,224.41
2020-03-05,8788.6,225.1
2020-03-06,9090.8,229.4
2020-03-07,9180.6,246.09
2020-03-08,8919.0,238.11
2020-03-09,8074.0,200.2
2020-03-10,7967.3,203.72
2020-03-11,7913.8,201.04
2020-03-12,7974.4,195.6
2020-03-13,4873.1,109.5
2020-03-14,5620.9,135.22
2020-03-15,5218.2,123.38
2020-03-16,5383.2,124.25
2020-03-17,5058.5,111.76
2020-03-18,5339.1,116.3
2020-03-19,5416.2,118.67
2020-03-20,6173.6,136.5
2020-03-21,6206.5,133.51
2020-03-22,6201.8,132.75
2020-03-23,5820.1,122.3
2020-03-24,6490.6,136.48
2020-03-25,6762.09,138.84
2020-03-26,6688.2,136.16
2020-03-27,6751.9,138.76
2020-03-28,6370.0,131.23
2020-03-29,6249.5,131.24
2020-03-30,5892.7,124.76
2020-03-31,6407.6,132.25
2020-04-01,6427.68,133.2
2020-04-02,6675.0,136.45
2020-04-03,6810.7,141.8
2020-04-04,6741.0,141.58
2020-04-05,6880.6,144.62
2020-04-06,6780.2,142.98
2020-04-07,7340.2,171.38
2020-04-08,7203.0,164.9
2020-04-09,7367.0,173.16
2020-04-10,7293.7,170.0
2020-04-11,6875.5,158.11
2020-04-12,6884.5,158.69
2020-04-13,6919.0,159.04
2020-04-14,6848.7,156.64
2020-04-15,6872.9,158.55
2020-04-16,6633.72,153.01
2020-04-17,7114.7,172.5
2020-04-18,7045.8,171.27
2020-04-19,7268.8,187.87
2020-04-20,7133.3,180.59
2020-04-21,6839.38,170.58
2020-04-22,6849.94,170.79
2020-04-23,7133.0,183.0
2020-04-24,7498.9,185.84
2020-04-25,7508.3,187.68
2020-04-26,7538.5,194.27
2020-04-27,7697.9,197.5
2020-04-28,7777.6,196.63
2020-04-29,7750.6,196.63
2020-04-30,8778.7,215.3
2020-05-01,8631.82,206.39
2020-05-02,8822.8,211.7
2020-05-03,8982.3,214.12
2020-05-04,8899.8,209.91
2020-05-05,8865.8,206.73
2020-05-06,9020.1,205.4
2020-05-07,9152.47,198.96
2020-05-08,9979.6,212.19
2020-05-09,9792.4,211.34
2020-05-10,9537.8,209.94
2020-05-11,8722.2,187.71
2020-05-12,8555.1,185.6
2020-05-13,8811.4,189.77
2020-05-14,9312.0,199.84
2020-05-15,9790.95,203.23
2020-05-16,9311.2,194.6
2020-05-17,9387.95,200.46
2020-05-18,9668.2,206.9
2020-05-19,9714.83,214.56
2020-05-20,9769.4,214.49
2020-05-21,9502.0,209.63
2020-05-22,9057.2,198.54
2020-05-23,9162.4,207.5
2020-05-24,9174.6,206.81
2020-05-25,8710.1,199.51
2020-05-26,8902.0,204.07
2020-05-27,8845.5,201.23
2020-05-28,9210.2,208.6
2020-05-29,9589.3,220.65
2020-05-30,9426.1,220.55
2020-05-31,9706.4,243.58
2020-06-01,9451.1,231.64
2020-06-02,10225.98,248.82
2020-06-03,9526.97,237.61
2020-06-04,9676.6,244.75
2020-06-05,9790.7,243.48
2020-06-06,9620.4,240.02
2020-06-07,9668.4,242.18
2020-06-08,9749.8,244.73
2020-06-09,9784.4,246.6
2020-06-10,9898.8,243.88
2020-06-11,9901.9,248.21
2020-06-12,9272.2,230.41
2020-06-13,9468.3,237.65
2020-06-14,9480.88,238.48
2020-06-15,9344.75,231.9
2020-06-16,9434.9,231.13
2020-06-17,9534.4,235.62
2020-06-18,9473.4,234.2
2020-06-19,9400.0,231.69
2020-06-20,9315.5,229.09
2020-06-21,9371.3,229.23
2020-06-22,9301.0,227.8
2020-06-23,9697.73,243.41
2020-06-24,9635.2,243.49
2020-06-25,9305.2,234.68
2020-06-26,9257.03,232.69
2020-06-27,9173.1,229.82
2020-06-28,9015.3,221.13
2020-06-29,9125.37,225.12
2020-06-30,9194.43,228.05
2020-07-01,9150.65,225.88
2020-07-02,9239.9,231.31
2020-07-03,9100.0,226.57
2020-07-04,9073.2,225.33
2020-07-05,9147.7,229.6
2020-07-06,9084.28,227.94
2020-07-07,9361.1,242.13
2020-07-08,9267.51,239.63
2020-07-09,9447.0,247.35
2020-07-10,9248.86,242.4
2020-07-11,9304.6,241.55
2020-07-12,9246.3,239.47
2020-07-13,9315.8,243.08
2020-07-14,9252.0,239.9
2020-07-15,9263.4,240.56
2020-07-16,9210.1,238.94
2020-07-17,9149.6,233.96
2020-07-18,9167.33,233.18
2020-07-19,9189.1,236.1248534
2020-07-20,9231.2,239.67
2020-07-21,9179.2,236.45
2020-07-22,9402.1,246.04
2020-07-23,9557.7,264.7
2020-07-24,9615.0,275.5820013
2020-07-25,9559.005206,279.91
2020-07-26,9714.9,305.73
2020-07-27,9948.4,311.5091808
2020-07-28,11044.32216,322.4
2020-07-29,10931.55841,317.46
2020-07-30,11117.39512,318.46
2020-07-31,11122.78517,335.36
2020-08-01,11350.0,346.8149548
2020-08-02,11805.0,387.03
2020-08-03,11058.83878,372.0604176
2020-08-04,11226.99217,385.77
2020-08-05,11187.0,389.63
2020-08-06,11735.93261,400.73
2020-08-07,11759.0,394.7
2020-08-08,11580.04081,378.86
2020-08-09,11763.0,396.83
2020-08-10,11675.32007,390.19
2020-08-11,11893.0,395.86
2020-08-12,11379.0,378.58
2020-08-13,11583.0,388.4
2020-08-14,11793.16905,425.2404852
2020-08-15,11762.0,438.29
2020-08-16,11873.41825,433.18
2020-08-17,11924.02573,434.55
2020-08-18,12303.0,431.6139532
2020-08-19,11961.83968,422.1933352
2020-08-20,11778.02622,408.46
2020-08-21,11884.67771,416.58
2020-08-22,11527.0,387.84
2020-08-23,11683.0,395.82
2020-08-24,11663.0,391.1
2020-08-25,11765.0,408.22
2020-08-26,11341.0,383.61
2020-08-27,11472.0,386.27
2020-08-28,11343.0,383.7
2020-08-29,11544.62128,395.73
2020-08-30,11492.0,399.31
2020-08-31,11729.89978,429.55
2020-09-01,11671.23323,434.4836243
2020-09-02,11942.89424,476.0381305
2020-09-03,11400.84146,440.0466828
2020-09-04,10166.13513,382.06
2020-09-05,10484.07052,386.36
2020-09-06,10197.0,335.9983198
2020-09-07,10275.9676,353.52
2020-09-08,10400.0,354.34
2020-09-09,10150.0,338.0
2020-09-10,10241.0,351.6
2020-09-11,10354.0,368.38
2020-09-12,10404.94752,374.14
2020-09-13,10459.0,388.1
2020-09-14,10331.0,366.2408141
2020-09-15,10689.93208,377.43
2020-09-16,10797.99362,364.4033788
2020-09-17,10971.45422,365.7146369
2020-09-18,10959.0,390.0
2020-09-19,10957.05508,384.9920738
2020-09-20,11098.0,386.16
2020-09-21,10935.0,371.62
2020-09-22,10435.0,341.0
2020-09-23,10549.62173,344.72
2020-09-24,10266.0,321.3700735
2020-09-25,10752.0,349.47
2020-09-26,10708.0,352.6156549
2020-09-27,10750.90937,354.9120999
2020-09-28,10804.0,358.56
2020-09-29,10713.0,354.5493818
2020-09-30,10857.0,360.6699817
2020-10-01,10797.0,360.4529963
2020-10-02,10633.0,353.29
2020-10-03,10586.0,346.24
2020-10-04,10558.00113,346.42
2020-10-05,10687.0,352.97
2020-10-06,10807.0,354.26
2020-10-07,10613.0,341.085816
2020-10-08,10687.32292,342.31
2020-10-09,10942.90198,351.7347877
2020-10-10,11071.0,365.71
2020-10-11,11308.0,371.15
2020-10-12,11384.0,374.65
2020-10-13,11560.0,387.39
2020-10-14,11442.72554,381.74
2020-10-15,11440.0,379.3715145
2020-10-16,11511.94971,377.9
2020-10-17,11324.88373,365.82
2020-10-18,11376.0,368.68
2020-10-19,11517.0,378.75
2020-10-20,11757.0,379.6304694
2020-10-21,11924.12565,368.79
2020-10-22,12811.0,391.28
2020-10-23,12982.0,414.3
2020-10-24,12930.56664,409.5835967
2020-10-25,13127.0,412.54
2020-10-26,13036.0,405.97
2020-10-27,13059.0,392.8099606
2020-10-28,13626.0,403.22
2020-10-29,13266.0,388.472369
2020-10-30,13450.0,386.9
2020-10-31,13567.94597,382.9053919
2020-11-01,13778.27706,386.3265869
2020-11-02,13755.0,396.66
2020-11-03,13560.0,383.35
2020-11-04,14029.58964,388.1735308
2020-11-05,14152.0,402.78
2020-11-06,15568.0,416.32
2020-11-07,15573.0,455.65
2020-11-08,14849.0,435.9550731
2020-11-09,15501.0,455.09
2020-11-10,15336.88653,444.54
2020-11-11,15311.53062,450.59
2020-11-12,15709.0,463.81
2020-11-13,16296.0,462.45
2020-11-14,16308.59481,476.3
2020-11-15,16058.51978,460.54
2020-11-16,15965.0,448.4172094
2020-11-17,16719.0,460.66
2020-11-18,17674.53552,482.5168076
2020-11-19,17774.0,478.450469
2020-11-20,17813.0,471.44
2020-11-21,18659.98826,510.3
2020-11-22,18659.98826,551.42
2020-11-23,18390.0,558.0
2020-11-24,18364.0,608.42
2020-11-25,19133.65471,604.18
2020-11-26,18726.47568,569.63
2020-11-27,17213.0,521.53
2020-11-28,17171.0,519.55
2020-11-29,17746.0,538.09
2020-11-30,18196.0,576.37
2020-12-01,19697.0,616.0
2020-12-02,18818.02787,587.03
2020-12-03,19229.12374,597.88
2020-12-04,19449.0,616.41
2020-12-05,18652.0,567.6
2020-12-06,19159.0,597.55
2020-12-07,19410.03147,602.69
2020-12-08,19196.0,592.02
2020-12-09,18329.0,555.0
2020-12-10,18558.0,573.47
2020-12-11,18263.0,559.17
2020-12-12,18050.0,544.85
2020-12-13,18818.0,568.3
2020-12-14,19180.0,591.18
2020-12-15,19282.0,586.51
2020-12-16,19459.0,589.65
2020-12-17,21318.0,636.45
2020-12-18,22791.0,642.1
2020-12-19,23124.0,654.41
2020-12-20,23801.0,657.91
2020-12-21,23427.0,637.4547275
2020-12-22,22712.28178,607.4
2020-12-23,23804.0,636.18
2020-12-24,23207.87493,584.4756635
2020-12-25,23743.46713,612.56
2020-12-26,24720.0882,627.524938
2020-12-27,26423.0,635.86
2020-12-28,26242.0,684.06
2020-12-29,27044.0,729.51
2020-12-30,27312.0,730.31
